datetime,P1,P2,P3,P4,P5,P6
2021-09-09 00:00:04,0.000373,0.278,-2.0,178.0,748.0,0.0005009999999999999
2021-09-09 00:01:05,0.000362,0.278,-2.0,178.0,748.0,0.0005009999999999999
2021-09-09 00:02:06,0.00035099999999999997,0.278,-2.0,178.0,746.0,0.0005009999999999999
2021-09-09 00:03:06,0.000337,0.278,-2.0,178.0,746.0,0.0005009999999999999
2021-09-09 00:04:07,0.000327,0.27699999999999997,-3.0,178.0,746.0,0.0005009999999999999
2021-09-09 00:05:08,0.000319,0.278,-3.0,178.0,745.0,0.0005009999999999999
2021-09-09 00:06:09,0.00031299999999999996,0.27699999999999997,-3.0,178.0,745.0,0.0005009999999999999
2021-09-09 00:07:09,0.000306,0.278,-3.0,178.0,743.0,0.0005009999999999999
2021-09-09 00:08:10,0.000303,0.27699999999999997,-3.0,178.0,743.0,0.0005009999999999999
2021-09-09 00:09:11,0.000298,0.27699999999999997,-3.0,179.0,743.0,0.0005009999999999999
2021-09-09 00:10:11,0.000294,0.27699999999999997,-3.0,179.0,742.0,0.0005009999999999999
2021-09-09 00:11:12,0.00029,0.27699999999999997,-3.0,179.0,742.0,0.0005009999999999999
2021-09-09 00:12:13,0.000286,0.276,-3.0,179.0,742.0,0.0005009999999999999
2021-09-09 00:13:14,0.00028,0.27699999999999997,-4.0,179.0,742.0,0.0005009999999999999
2021-09-09 00:14:14,0.000275,0.27699999999999997,-4.0,179.0,740.0,0.0005009999999999999
2021-09-09 00:15:15,0.00027,0.27699999999999997,-3.0,179.0,740.0,0.0005009999999999999
2021-09-09 00:16:16,0.000266,0.27699999999999997,-4.0,179.0,740.0,0.0005009999999999999
2021-09-09 00:17:16,0.000262,0.27699999999999997,-3.0,179.0,738.0,0.0005009999999999999
2021-09-09 00:18:17,0.000259,0.27699999999999997,-3.0,179.0,738.0,0.0005009999999999999
2021-09-09 00:19:18,0.000256,0.276,-4.0,179.0,738.0,0.0005009999999999999
2021-09-09 00:20:18,0.000252,0.27699999999999997,-3.0,179.0,737.0,0.0005009999999999999
2021-09-09 00:21:19,0.00024900000000000004,0.27699999999999997,-3.0,179.0,736.0,0.0005009999999999999
2021-09-09 00:22:20,0.000246,0.27699999999999997,-4.0,179.0,736.0,0.0005009999999999999
2021-09-09 00:23:21,0.00024300000000000002,0.27699999999999997,-4.0,179.0,736.0,0.0005009999999999999
2021-09-09 00:24:21,0.00023799999999999998,0.27699999999999997,-4.0,179.0,734.0,0.0005009999999999999
2021-09-09 00:25:22,0.000236,0.27699999999999997,-4.0,179.0,734.0,0.0005009999999999999
2021-09-09 00:26:23,0.00023199999999999997,0.27699999999999997,-4.0,179.0,733.0,0.0005009999999999999
2021-09-09 00:27:23,0.000229,0.278,-3.0,179.0,732.0,0.0005009999999999999
2021-09-09 00:28:24,0.000227,0.27699999999999997,-4.0,179.0,732.0,0.0005009999999999999
2021-09-09 00:29:24,0.000223,0.27699999999999997,-4.0,179.0,732.0,0.0005009999999999999
2021-09-09 00:30:25,0.000221,0.27699999999999997,-4.0,179.0,732.0,0.0005009999999999999
2021-09-09 00:31:26,0.00021899999999999998,0.27699999999999997,-4.0,179.0,731.0,0.0005009999999999999
2021-09-09 00:32:26,0.00021600000000000002,0.278,-4.0,179.0,730.0,0.0005009999999999999
2021-09-09 00:33:27,0.00021400000000000002,0.278,-4.0,179.0,730.0,0.0005009999999999999
2021-09-09 00:34:28,0.00021099999999999998,0.27699999999999997,-3.0,179.0,729.0,0.0005009999999999999
2021-09-09 00:35:28,0.00020800000000000001,0.27699999999999997,-4.0,179.0,729.0,0.0005009999999999999
2021-09-09 00:36:29,0.000206,0.27699999999999997,-3.0,179.0,728.0,0.0005009999999999999
2021-09-09 00:37:29,0.000204,0.27699999999999997,-4.0,180.0,727.0,0.0005009999999999999
2021-09-09 00:38:30,0.00020099999999999998,0.278,-4.0,179.0,727.0,0.0005009999999999999
2021-09-09 00:39:31,0.000199,0.27699999999999997,-3.0,180.0,726.0,0.0005009999999999999
2021-09-09 00:40:32,0.000196,0.278,-4.0,180.0,726.0,0.0005009999999999999
2021-09-09 00:41:32,0.000195,0.278,-4.0,180.0,725.0,0.0005009999999999999
2021-09-09 00:42:33,0.000192,0.27699999999999997,-4.0,180.0,725.0,0.0005009999999999999
2021-09-09 00:43:34,0.000199,0.27699999999999997,-4.0,180.0,724.0,0.0005009999999999999
2021-09-09 00:44:34,0.00018899999999999999,0.27699999999999997,-4.0,180.0,724.0,0.0005009999999999999
2021-09-09 00:45:35,0.00018700000000000002,0.278,-3.0,180.0,722.0,0.0005009999999999999
2021-09-09 00:46:36,0.000185,0.278,-4.0,180.0,722.0,0.0005009999999999999
2021-09-09 00:47:36,0.000183,0.278,-4.0,180.0,721.0,0.0005009999999999999
2021-09-09 00:48:37,0.000181,0.278,-4.0,180.0,720.0,0.0005009999999999999
2021-09-09 00:49:38,0.00018,0.278,-3.0,180.0,720.0,0.0005009999999999999
2021-09-09 00:50:38,0.000178,0.278,-4.0,180.0,719.0,0.0005009999999999999
2021-09-09 00:51:39,0.000177,0.27899999999999997,-4.0,180.0,719.0,0.0005009999999999999
2021-09-09 00:52:40,0.000175,0.27899999999999997,-4.0,180.0,718.0,0.0005009999999999999
2021-09-09 00:53:40,0.000173,0.27899999999999997,-3.0,180.0,718.0,0.0005009999999999999
2021-09-09 00:54:41,0.000172,0.27899999999999997,-4.0,180.0,717.0,0.0005009999999999999
2021-09-09 00:55:42,0.00016999999999999999,0.27899999999999997,-3.0,180.0,716.0,0.0005009999999999999
2021-09-09 00:56:42,0.000168,0.27899999999999997,-4.0,180.0,716.0,0.0005009999999999999
2021-09-09 00:57:43,0.000167,0.27899999999999997,-4.0,180.0,715.0,0.0005009999999999999
2021-09-09 00:58:43,0.000165,0.27899999999999997,-3.0,180.0,714.0,0.0005009999999999999
2021-09-09 00:59:44,0.00016299999999999998,0.27899999999999997,-4.0,180.0,713.0,0.0005009999999999999
2021-09-09 01:00:45,0.000162,0.28,-4.0,180.0,713.0,0.0005009999999999999
2021-09-09 01:01:45,0.00016,0.28,-3.0,180.0,712.0,0.0005009999999999999
2021-09-09 01:02:46,0.00015900000000000002,0.28,-4.0,180.0,712.0,0.0005009999999999999
2021-09-09 01:03:47,0.00015800000000000002,0.28,-4.0,180.0,711.0,0.0005009999999999999
2021-09-09 01:04:47,0.000155,0.28,-4.0,180.0,710.0,0.0005009999999999999
2021-09-09 01:05:48,0.000153,0.28,-3.0,180.0,710.0,0.0005009999999999999
2021-09-09 01:06:49,0.000152,0.28,-3.0,180.0,709.0,0.0005009999999999999
2021-09-09 01:07:49,0.00015,0.27899999999999997,-3.0,180.0,708.0,0.0005009999999999999
2021-09-09 01:08:50,0.000149,0.27899999999999997,-3.0,180.0,708.0,0.0005009999999999999
2021-09-09 01:09:51,0.000148,0.27899999999999997,-4.0,180.0,708.0,0.0005009999999999999
2021-09-09 01:10:52,0.000147,0.27899999999999997,-3.0,180.0,707.0,0.0005009999999999999
2021-09-09 01:11:52,0.000146,0.27899999999999997,-3.0,181.0,707.0,0.0005009999999999999
2021-09-09 01:12:53,0.000144,0.27899999999999997,-4.0,181.0,706.0,0.0005009999999999999
2021-09-09 01:13:54,0.000143,0.27899999999999997,-3.0,181.0,705.0,0.0005009999999999999
2021-09-09 01:14:54,0.00014199999999999998,0.28,-3.0,181.0,705.0,0.0005009999999999999
2021-09-09 01:15:55,0.00014,0.27899999999999997,-3.0,181.0,704.0,0.0005009999999999999
2021-09-09 01:16:56,0.000139,0.28,-3.0,181.0,704.0,0.0005009999999999999
2021-09-09 01:17:56,0.000138,0.28,-3.0,181.0,704.0,0.0005009999999999999
2021-09-09 01:18:57,0.00013700000000000002,0.28,-4.0,181.0,703.0,0.0005009999999999999
2021-09-09 01:19:58,0.000135,0.28,-3.0,181.0,702.0,0.0005009999999999999
2021-09-09 01:20:58,0.000134,0.28,-4.0,181.0,702.0,0.0005009999999999999
2021-09-09 01:21:59,0.000132,0.28,-3.0,181.0,701.0,0.0005009999999999999
2021-09-09 01:23:00,0.000131,0.28,-3.0,181.0,700.0,0.0005009999999999999
2021-09-09 01:24:00,0.00013000000000000002,0.28,-3.0,181.0,700.0,0.0005009999999999999
2021-09-09 01:25:01,0.000129,0.27899999999999997,-3.0,181.0,699.0,0.0005009999999999999
2021-09-09 01:26:02,0.000128,0.28,-3.0,181.0,699.0,0.0005009999999999999
2021-09-09 01:27:03,0.000126,0.27899999999999997,-4.0,181.0,698.0,0.0005009999999999999
2021-09-09 01:28:03,0.000125,0.28,-3.0,181.0,698.0,0.0005009999999999999
2021-09-09 01:29:04,0.000123,0.28,-3.0,181.0,696.0,0.0005009999999999999
2021-09-09 01:30:05,0.000122,0.28,-3.0,181.0,696.0,0.0005009999999999999
2021-09-09 01:31:05,0.000121,0.28,-3.0,181.0,695.0,0.0005009999999999999
2021-09-09 01:32:06,0.00011999999999999999,0.28,-3.0,181.0,696.0,0.0005009999999999999
2021-09-09 01:33:07,0.00011899999999999999,0.28,-3.0,181.0,694.0,0.0005009999999999999
2021-09-09 01:34:07,0.000118,0.28,-3.0,181.0,693.0,0.0005009999999999999
2021-09-09 01:35:08,0.000117,0.28,-3.0,181.0,693.0,0.0005009999999999999
2021-09-09 01:36:09,0.00011599999999999999,0.28,-3.0,181.0,692.0,0.0005009999999999999
2021-09-09 01:37:10,0.000117,0.28,-3.0,181.0,693.0,0.0005009999999999999
2021-09-09 01:38:10,0.00011399999999999999,0.281,-3.0,181.0,692.0,0.0005009999999999999
2021-09-09 01:39:11,0.000113,0.28,-3.0,181.0,691.0,0.0005009999999999999
2021-09-09 01:40:12,0.00011200000000000001,0.28,-3.0,181.0,691.0,0.0005009999999999999
2021-09-09 01:41:12,0.00011100000000000001,0.28,-3.0,181.0,690.0,0.0005009999999999999
2021-09-09 01:42:13,0.00011,0.28,-3.0,181.0,689.0,0.0005009999999999999
2021-09-09 01:43:14,0.000109,0.28,-3.0,181.0,689.0,0.0005009999999999999
2021-09-09 01:44:14,0.00010800000000000001,0.28,-3.0,181.0,688.0,0.0005009999999999999
2021-09-09 01:45:15,0.00010700000000000001,0.28,-3.0,181.0,688.0,0.0005009999999999999
2021-09-09 01:46:16,0.000106,0.28,-3.0,181.0,688.0,0.0005009999999999999
2021-09-09 01:47:16,0.000105,0.28,-3.0,181.0,686.0,0.0005009999999999999
2021-09-09 01:48:17,0.000105,0.28,-3.0,181.0,687.0,0.0005009999999999999
2021-09-09 01:49:18,0.00010400000000000001,0.28,-3.0,181.0,686.0,0.0005009999999999999
2021-09-09 01:50:19,0.000103,0.28,-3.0,181.0,686.0,0.0005009999999999999
2021-09-09 01:51:19,0.000103,0.28,-3.0,181.0,684.0,0.0005009999999999999
2021-09-09 01:52:20,0.000102,0.28,-3.0,181.0,684.0,0.0005009999999999999
2021-09-09 01:53:21,0.000101,0.28,-3.0,181.0,682.0,0.0005009999999999999
2021-09-09 01:54:21,0.000101,0.281,-3.0,181.0,682.0,0.0005009999999999999
2021-09-09 01:55:22,9.95e-05,0.28,-3.0,181.0,682.0,0.0005009999999999999
2021-09-09 01:56:23,9.87e-05,0.28,-3.0,181.0,682.0,0.0005009999999999999
2021-09-09 01:57:23,9.75e-05,0.28,-3.0,181.0,681.0,0.0005009999999999999
2021-09-09 01:58:24,9.68e-05,0.28,-3.0,181.0,680.0,0.0005009999999999999
2021-09-09 01:59:25,9.58e-05,0.28,-3.0,181.0,680.0,0.0005009999999999999
2021-09-09 02:00:25,9.520000000000001e-05,0.28,-3.0,181.0,680.0,0.0005009999999999999
2021-09-09 02:01:26,9.42e-05,0.28,-3.0,181.0,680.0,0.0005009999999999999
2021-09-09 02:02:26,9.36e-05,0.28,-3.0,181.0,678.0,0.0005009999999999999
2021-09-09 02:03:27,9.27e-05,0.28,-3.0,181.0,678.0,0.0005009999999999999
2021-09-09 02:04:28,9.17e-05,0.281,-3.0,181.0,677.0,0.0005009999999999999
2021-09-09 02:05:29,9.1e-05,0.28,-3.0,181.0,677.0,0.0005009999999999999
2021-09-09 02:06:29,9.03e-05,0.28,-3.0,181.0,677.0,0.0005009999999999999
2021-09-09 02:07:30,8.96e-05,0.28,-3.0,181.0,677.0,0.0005009999999999999
2021-09-09 02:08:30,8.909999999999998e-05,0.28,-3.0,181.0,676.0,0.0005009999999999999
2021-09-09 02:09:31,8.83e-05,0.28,-3.0,181.0,676.0,0.0005009999999999999
2021-09-09 02:10:32,8.740000000000001e-05,0.28,-3.0,181.0,675.0,0.0005009999999999999
2021-09-09 02:11:32,8.66e-05,0.281,-3.0,181.0,675.0,0.0005009999999999999
2021-09-09 02:12:33,8.6e-05,0.281,-3.0,181.0,674.0,0.0005009999999999999
2021-09-09 02:13:34,8.56e-05,0.281,-3.0,181.0,675.0,0.0005009999999999999
2021-09-09 02:14:34,8.41e-05,0.281,-3.0,182.0,673.0,0.0005009999999999999
2021-09-09 02:15:35,8.36e-05,0.281,-3.0,181.0,672.0,0.0005009999999999999
2021-09-09 02:16:36,8.31e-05,0.281,-3.0,181.0,672.0,0.0005009999999999999
2021-09-09 02:17:37,8.209999999999999e-05,0.281,-3.0,181.0,672.0,0.0005009999999999999
2021-09-09 02:18:37,8.13e-05,0.281,-3.0,182.0,671.0,0.0005009999999999999
2021-09-09 02:19:38,8.09e-05,0.281,-3.0,182.0,670.0,0.0005009999999999999
2021-09-09 02:20:39,8.06e-05,0.281,-3.0,182.0,669.0,0.0005009999999999999
2021-09-09 02:21:40,7.97e-05,0.281,-3.0,182.0,669.0,0.0005009999999999999
2021-09-09 02:22:40,7.890000000000001e-05,0.281,-3.0,182.0,668.0,0.0005009999999999999
2021-09-09 02:23:41,7.829999999999999e-05,0.281,-3.0,182.0,668.0,0.0005009999999999999
2021-09-09 02:24:42,7.77e-05,0.281,-3.0,182.0,668.0,0.0005009999999999999
2021-09-09 02:25:42,7.730000000000001e-05,0.281,-3.0,182.0,668.0,0.0005009999999999999
2021-09-09 02:26:43,7.670000000000001e-05,0.281,-3.0,182.0,667.0,0.0005009999999999999
2021-09-09 02:27:44,7.609999999999999e-05,0.281,-3.0,182.0,667.0,0.0005009999999999999
2021-09-09 02:28:44,7.54e-05,0.281,-3.0,182.0,666.0,0.0005009999999999999
2021-09-09 02:29:45,7.48e-05,0.281,-3.0,182.0,665.0,0.0005009999999999999
2021-09-09 02:30:46,7.42e-05,0.282,-3.0,182.0,666.0,0.0005009999999999999
2021-09-09 02:31:46,7.36e-05,0.282,-3.0,182.0,665.0,0.0005009999999999999
2021-09-09 02:32:47,7.3e-05,0.282,-3.0,182.0,665.0,0.0005009999999999999
2021-09-09 02:33:48,7.240000000000001e-05,0.281,-3.0,182.0,664.0,0.0005009999999999999
2021-09-09 02:34:49,7.190000000000001e-05,0.281,-3.0,182.0,665.0,0.0005009999999999999
2021-09-09 02:35:49,7.15e-05,0.281,-3.0,182.0,663.0,0.0005009999999999999
2021-09-09 02:36:50,7.09e-05,0.282,-3.0,182.0,662.0,0.0005009999999999999
2021-09-09 02:37:50,7.03e-05,0.281,-3.0,182.0,662.0,0.0005009999999999999
2021-09-09 02:38:51,6.979999999999999e-05,0.281,-3.0,182.0,661.0,0.0005009999999999999
2021-09-09 02:39:52,6.9e-05,0.281,-3.0,182.0,660.0,0.0005009999999999999
2021-09-09 02:40:52,6.840000000000001e-05,0.281,-3.0,182.0,659.0,0.0005009999999999999
2021-09-09 02:41:53,6.78e-05,0.28,-3.0,182.0,660.0,0.0005009999999999999
2021-09-09 02:42:53,6.759999999999999e-05,0.28,-3.0,182.0,658.0,0.0005009999999999999
2021-09-09 02:43:54,6.890000000000001e-05,0.28,-3.0,182.0,658.0,0.0005009999999999999
2021-09-09 02:44:55,6.809999999999999e-05,0.28,-3.0,182.0,657.0,0.0005009999999999999
2021-09-09 02:45:56,6.74e-05,0.281,-3.0,182.0,657.0,0.0005009999999999999
2021-09-09 02:46:57,6.659999999999999e-05,0.28,-3.0,182.0,656.0,0.0005009999999999999
2021-09-09 02:47:57,6.59e-05,0.28,-3.0,182.0,657.0,0.0005009999999999999
2021-09-09 02:48:58,6.52e-05,0.28,-3.0,182.0,655.0,0.0005009999999999999
2021-09-09 02:49:58,6.459999999999998e-05,0.28,-3.0,182.0,655.0,0.0005009999999999999
2021-09-09 02:50:59,6.39e-05,0.28,-3.0,182.0,654.0,0.0005009999999999999
2021-09-09 02:52:00,6.34e-05,0.28,-3.0,182.0,653.0,0.0005009999999999999
2021-09-09 02:53:01,6.29e-05,0.28,-3.0,182.0,652.0,0.0005009999999999999
2021-09-09 02:54:01,6.31e-05,0.28,-3.0,182.0,652.0,0.0005009999999999999
2021-09-09 02:55:02,6.19e-05,0.28,-3.0,182.0,651.0,0.0005009999999999999
2021-09-09 02:56:02,6.14e-05,0.28,-3.0,182.0,650.0,0.0005009999999999999
2021-09-09 02:57:03,6.0599999999999996e-05,0.28,-3.0,182.0,651.0,0.0005009999999999999
2021-09-09 02:58:04,6.0299999999999995e-05,0.28,-3.0,182.0,649.0,0.0005009999999999999
2021-09-09 02:59:04,5.99e-05,0.28,-3.0,182.0,649.0,0.0005009999999999999
2021-09-09 03:00:05,5.9699999999999994e-05,0.28,-3.0,182.0,648.0,0.0005009999999999999
2021-09-09 03:01:06,5.8899999999999995e-05,0.28,-3.0,182.0,647.0,0.0005009999999999999
2021-09-09 03:02:06,5.85e-05,0.28,-3.0,182.0,646.0,0.0005009999999999999
2021-09-09 03:03:07,5.8099999999999996e-05,0.28,-3.0,182.0,646.0,0.0005009999999999999
2021-09-09 03:04:08,5.7600000000000004e-05,0.28,-3.0,182.0,646.0,0.0005009999999999999
2021-09-09 03:05:08,5.7100000000000006e-05,0.28,-3.0,182.0,645.0,0.0005009999999999999
2021-09-09 03:06:09,5.68e-05,0.27899999999999997,-3.0,182.0,645.0,0.0005009999999999999
2021-09-09 03:07:10,5.6399999999999995e-05,0.27899999999999997,-3.0,182.0,644.0,0.0005009999999999999
2021-09-09 03:08:10,5.6000000000000006e-05,0.28,-3.0,182.0,643.0,0.0005009999999999999
2021-09-09 03:09:11,5.59e-05,0.28,-3.0,182.0,643.0,0.0005009999999999999
2021-09-09 03:10:12,5.5299999999999996e-05,0.27899999999999997,-3.0,182.0,642.0,0.0005009999999999999
2021-09-09 03:11:12,5.5e-05,0.27899999999999997,-3.0,182.0,642.0,0.0005009999999999999
2021-09-09 03:12:13,5.47e-05,0.28,-3.0,182.0,642.0,0.0005009999999999999
2021-09-09 03:13:13,5.429999999999999e-05,0.28,-3.0,182.0,641.0,0.0005009999999999999
2021-09-09 03:14:14,5.42e-05,0.28,-3.0,182.0,640.0,0.0005009999999999999
2021-09-09 03:15:15,5.379999999999999e-05,0.28,-3.0,182.0,639.0,0.0005009999999999999
2021-09-09 03:16:15,5.3400000000000004e-05,0.28,-3.0,182.0,639.0,0.0005009999999999999
2021-09-09 03:17:16,5.3200000000000006e-05,0.28,-3.0,182.0,639.0,0.0005009999999999999
2021-09-09 03:18:17,5.27e-05,0.28,-3.0,182.0,638.0,0.0005009999999999999
2021-09-09 03:19:18,5.2300000000000004e-05,0.28,-3.0,182.0,637.0,0.0005009999999999999
2021-09-09 03:20:18,5.19e-05,0.28,-3.0,182.0,637.0,0.0005009999999999999
2021-09-09 03:21:19,5.17e-05,0.28,-3.0,182.0,636.0,0.0005009999999999999
2021-09-09 03:22:20,5.12e-05,0.281,-3.0,182.0,637.0,0.0005009999999999999
2021-09-09 03:23:20,5.0900000000000004e-05,0.28,-3.0,182.0,635.0,0.0005009999999999999
2021-09-09 03:24:21,5.13e-05,0.28,-3.0,182.0,635.0,0.0005009999999999999
2021-09-09 03:25:22,5.02e-05,0.28,-3.0,182.0,635.0,0.0005009999999999999
2021-09-09 03:26:23,4.98e-05,0.28,-3.0,182.0,634.0,0.0005009999999999999
2021-09-09 03:27:23,4.95e-05,0.28,-3.0,182.0,633.0,0.0005009999999999999
2021-09-09 03:28:24,4.92e-05,0.281,-3.0,182.0,633.0,0.0005009999999999999
2021-09-09 03:29:25,4.88e-05,0.281,-3.0,182.0,632.0,0.0005009999999999999
2021-09-09 03:30:25,4.8700000000000005e-05,0.28,-3.0,182.0,631.0,0.0005009999999999999
2021-09-09 03:31:26,4.84e-05,0.28,-3.0,182.0,631.0,0.0005009999999999999
2021-09-09 03:32:26,4.83e-05,0.28,-3.0,182.0,631.0,0.0005009999999999999
2021-09-09 03:33:27,4.8e-05,0.28,-3.0,183.0,631.0,0.0005009999999999999
2021-09-09 03:34:28,4.77e-05,0.28,-3.0,182.0,630.0,0.0005009999999999999
2021-09-09 03:35:29,4.74e-05,0.28,-3.0,183.0,630.0,0.0005009999999999999
2021-09-09 03:36:29,4.71e-05,0.281,-3.0,182.0,628.0,0.0005009999999999999
2021-09-09 03:37:30,4.7e-05,0.281,-3.0,182.0,628.0,0.0005009999999999999
2021-09-09 03:38:31,4.66e-05,0.281,-3.0,182.0,628.0,0.0005009999999999999
2021-09-09 03:39:31,4.71e-05,0.28,-3.0,183.0,627.0,0.0005009999999999999
2021-09-09 03:40:32,4.61e-05,0.281,-3.0,183.0,626.0,0.0005009999999999999
2021-09-09 03:41:33,4.5799999999999995e-05,0.281,-3.0,182.0,626.0,0.0005009999999999999
2021-09-09 03:42:34,4.55e-05,0.281,-3.0,182.0,626.0,0.0005009999999999999
2021-09-09 03:43:34,4.52e-05,0.281,-3.0,182.0,625.0,0.0005009999999999999
2021-09-09 03:44:35,4.5e-05,0.281,-3.0,182.0,625.0,0.0005009999999999999
2021-09-09 03:45:36,4.48e-05,0.281,-3.0,183.0,624.0,0.0005009999999999999
2021-09-09 03:46:36,4.45e-05,0.281,-3.0,183.0,624.0,0.0005009999999999999
2021-09-09 03:47:37,4.4200000000000004e-05,0.282,-3.0,183.0,623.0,0.0005009999999999999
2021-09-09 03:48:38,4.4200000000000004e-05,0.281,-3.0,183.0,622.0,0.0005009999999999999
2021-09-09 03:49:38,4.39e-05,0.281,-3.0,182.0,623.0,0.0005009999999999999
2021-09-09 03:50:39,4.3799999999999994e-05,0.281,-3.0,182.0,623.0,0.0005009999999999999
2021-09-09 03:51:39,4.36e-05,0.281,-3.0,183.0,622.0,0.0005009999999999999
2021-09-09 03:52:40,4.35e-05,0.281,-3.0,183.0,622.0,0.0005009999999999999
2021-09-09 03:53:41,4.33e-05,0.282,-3.0,183.0,620.0,0.0005009999999999999
2021-09-09 03:54:41,4.31e-05,0.281,-3.0,183.0,620.0,0.0005009999999999999
2021-09-09 03:55:42,4.36e-05,0.282,-3.0,183.0,620.0,0.0005009999999999999
2021-09-09 03:56:43,4.33e-05,0.281,-3.0,183.0,620.0,0.0005009999999999999
2021-09-09 03:57:43,4.28e-05,0.281,-3.0,183.0,619.0,0.0005009999999999999
2021-09-09 03:58:44,4.270000000000001e-05,0.281,-3.0,183.0,619.0,0.0005009999999999999
2021-09-09 03:59:45,4.22e-05,0.281,-3.0,183.0,617.0,0.0005009999999999999
2021-09-09 04:00:46,4.18e-05,0.281,-3.0,183.0,617.0,0.0005009999999999999
2021-09-09 04:01:46,4.1700000000000004e-05,0.281,-3.0,183.0,616.0,0.0005009999999999999
2021-09-09 04:02:47,4.14e-05,0.282,-3.0,183.0,617.0,0.0005009999999999999
2021-09-09 04:03:48,4.1200000000000005e-05,0.282,-3.0,183.0,617.0,0.0005009999999999999
2021-09-09 04:04:48,4.0799999999999996e-05,0.282,-3.0,183.0,615.0,0.0005009999999999999
2021-09-09 04:05:49,4.0600000000000004e-05,0.282,-3.0,183.0,616.0,0.0005009999999999999
2021-09-09 04:06:50,4.03e-05,0.282,-3.0,183.0,614.0,0.0005009999999999999
2021-09-09 04:07:51,4.07e-05,0.282,-3.0,183.0,615.0,0.0005009999999999999
2021-09-09 04:08:51,4.03e-05,0.282,-3.0,183.0,614.0,0.0005009999999999999
2021-09-09 04:09:52,4e-05,0.282,-3.0,183.0,614.0,0.0005009999999999999
2021-09-09 04:10:53,3.98e-05,0.282,-3.0,183.0,613.0,0.0005009999999999999
2021-09-09 04:11:54,3.96e-05,0.282,-3.0,183.0,613.0,0.0005009999999999999
2021-09-09 04:12:54,3.9500000000000005e-05,0.28300000000000003,-3.0,183.0,613.0,0.0005009999999999999
2021-09-09 04:13:55,3.9200000000000004e-05,0.28300000000000003,-3.0,183.0,611.0,0.0005009999999999999
2021-09-09 04:14:56,3.91e-05,0.282,-3.0,183.0,611.0,0.0005009999999999999
2021-09-09 04:15:57,3.8799999999999994e-05,0.282,-3.0,183.0,611.0,0.0005009999999999999
2021-09-09 04:16:57,3.86e-05,0.28300000000000003,-3.0,183.0,610.0,0.0005009999999999999
2021-09-09 04:17:58,3.84e-05,0.281,-3.0,183.0,610.0,0.0005009999999999999
2021-09-09 04:18:59,3.82e-05,0.282,-3.0,183.0,609.0,0.0005009999999999999
2021-09-09 04:20:00,3.81e-05,0.281,-3.0,183.0,609.0,0.0005009999999999999
2021-09-09 04:21:00,3.8e-05,0.281,-2.0,183.0,608.0,0.0005009999999999999
2021-09-09 04:22:01,3.8e-05,0.282,-3.0,183.0,609.0,0.0005009999999999999
2021-09-09 04:23:02,3.77e-05,0.281,-3.0,183.0,607.0,0.0005009999999999999
2021-09-09 04:24:02,3.75e-05,0.281,-3.0,183.0,607.0,0.0005009999999999999
2021-09-09 04:25:03,3.73e-05,0.281,-3.0,183.0,607.0,0.0005009999999999999
2021-09-09 04:26:04,3.72e-05,0.281,-3.0,183.0,606.0,0.0005009999999999999
2021-09-09 04:27:04,3.7e-05,0.282,-3.0,183.0,606.0,0.0005009999999999999
2021-09-09 04:28:05,3.68e-05,0.281,-3.0,183.0,606.0,0.0005009999999999999
2021-09-09 04:29:05,3.6700000000000004e-05,0.281,-3.0,183.0,605.0,0.0005009999999999999
2021-09-09 04:30:06,3.65e-05,0.281,-3.0,183.0,605.0,0.0005009999999999999
2021-09-09 04:31:07,3.64e-05,0.281,-3.0,183.0,604.0,0.0005009999999999999
2021-09-09 04:32:07,3.6200000000000006e-05,0.281,-3.0,183.0,603.0,0.0005009999999999999
2021-09-09 04:33:08,3.6099999999999997e-05,0.281,-3.0,183.0,603.0,0.0005009999999999999
2021-09-09 04:34:09,3.6099999999999997e-05,0.282,-3.0,183.0,602.0,0.0005009999999999999
2021-09-09 04:35:09,3.5799999999999996e-05,0.281,-3.0,183.0,602.0,0.0005009999999999999
2021-09-09 04:36:10,3.570000000000001e-05,0.281,-3.0,183.0,601.0,0.0005009999999999999
2021-09-09 04:37:11,3.5600000000000005e-05,0.281,-3.0,183.0,601.0,0.0005009999999999999
2021-09-09 04:38:11,3.54e-05,0.281,-3.0,183.0,601.0,0.0005009999999999999
2021-09-09 04:39:12,3.54e-05,0.281,-3.0,183.0,600.0,0.0005009999999999999
2021-09-09 04:40:13,3.53e-05,0.281,-3.0,183.0,600.0,0.0005009999999999999
2021-09-09 04:41:14,3.5100000000000006e-05,0.281,-3.0,183.0,599.0,0.0005009999999999999
2021-09-09 04:42:14,3.5e-05,0.281,-3.0,183.0,599.0,0.0005009999999999999
2021-09-09 04:43:15,3.4899999999999995e-05,0.282,-3.0,183.0,599.0,0.0005009999999999999
2021-09-09 04:44:16,3.48e-05,0.281,-3.0,183.0,597.0,0.0005009999999999999
2021-09-09 04:45:16,3.54e-05,0.281,-3.0,183.0,599.0,0.0005009999999999999
2021-09-09 04:46:17,3.45e-05,0.281,-3.0,183.0,597.0,0.0005009999999999999
2021-09-09 04:47:18,3.4200000000000005e-05,0.281,-3.0,183.0,596.0,0.0005009999999999999
2021-09-09 04:48:19,3.5600000000000005e-05,0.281,-3.0,183.0,596.0,0.0005009999999999999
2021-09-09 04:49:20,3.5e-05,0.281,-3.0,183.0,596.0,0.0005009999999999999
2021-09-09 04:50:20,3.46e-05,0.281,-3.0,183.0,595.0,0.0005009999999999999
2021-09-09 04:51:21,3.4200000000000005e-05,0.282,-3.0,183.0,595.0,0.0005009999999999999
2021-09-09 04:52:21,3.4e-05,0.282,-3.0,183.0,594.0,0.0005009999999999999
2021-09-09 04:53:22,3.39e-05,0.282,-3.0,183.0,594.0,0.0005009999999999999
2021-09-09 04:54:23,3.37e-05,0.282,-3.0,183.0,593.0,0.0005009999999999999
2021-09-09 04:55:23,3.35e-05,0.282,-3.0,183.0,593.0,0.0005009999999999999
2021-09-09 04:56:24,3.3299999999999996e-05,0.282,-3.0,183.0,592.0,0.0005009999999999999
2021-09-09 04:57:25,3.3299999999999996e-05,0.28300000000000003,-3.0,183.0,591.0,0.0005009999999999999
2021-09-09 04:58:26,3.289999999999999e-05,0.282,-3.0,183.0,591.0,0.0005009999999999999
2021-09-09 04:59:26,3.28e-05,0.282,-3.0,183.0,591.0,0.0005009999999999999
2021-09-09 05:00:27,3.27e-05,0.282,-3.0,183.0,589.0,0.0005009999999999999
2021-09-09 05:01:27,3.26e-05,0.282,-3.0,183.0,590.0,0.0005009999999999999
2021-09-09 05:02:28,3.2500000000000004e-05,0.282,-3.0,183.0,589.0,0.0005009999999999999
2021-09-09 05:03:29,3.24e-05,0.281,-3.0,183.0,589.0,0.0005009999999999999
2021-09-09 05:04:29,3.229999999999999e-05,0.282,-3.0,183.0,588.0,0.0005009999999999999
2021-09-09 05:05:30,3.229999999999999e-05,0.282,-3.0,183.0,588.0,0.0005009999999999999
2021-09-09 05:06:31,3.2e-05,0.282,-3.0,183.0,587.0,0.0005009999999999999
2021-09-09 05:07:31,3.2e-05,0.282,-3.0,183.0,588.0,0.0005009999999999999
2021-09-09 05:08:32,3.18e-05,0.281,-3.0,183.0,586.0,0.0005009999999999999
2021-09-09 05:09:33,3.17e-05,0.282,-3.0,183.0,586.0,0.0005009999999999999
2021-09-09 05:10:34,3.17e-05,0.281,-3.0,183.0,586.0,0.0005009999999999999
2021-09-09 05:11:34,3.17e-05,0.282,-3.0,183.0,586.0,0.0005009999999999999
2021-09-09 05:12:35,3.15e-05,0.282,-3.0,183.0,585.0,0.0005009999999999999
2021-09-09 05:13:36,3.14e-05,0.282,-3.0,183.0,585.0,0.0005009999999999999
2021-09-09 05:14:36,3.13e-05,0.282,-3.0,183.0,584.0,0.0005009999999999999
2021-09-09 05:15:37,3.12e-05,0.282,-3.0,183.0,584.0,0.0005009999999999999
2021-09-09 05:16:38,3.11e-05,0.281,-3.0,183.0,583.0,0.0005009999999999999
2021-09-09 05:17:38,3.1e-05,0.282,-3.0,183.0,583.0,0.0005009999999999999
2021-09-09 05:18:39,3.1e-05,0.282,-3.0,183.0,582.0,0.0005009999999999999
2021-09-09 05:19:40,3.0799999999999996e-05,0.281,-3.0,183.0,582.0,0.0005009999999999999
2021-09-09 05:20:40,3.0799999999999996e-05,0.281,-3.0,183.0,582.0,0.0005009999999999999
2021-09-09 05:21:41,3.09e-05,0.281,-3.0,183.0,581.0,0.0005009999999999999
2021-09-09 05:22:42,3.05e-05,0.281,-3.0,183.0,581.0,0.0005009999999999999
2021-09-09 05:23:42,3.05e-05,0.281,-3.0,183.0,581.0,0.0005009999999999999
2021-09-09 05:24:43,3.04e-05,0.282,-3.0,183.0,579.0,0.0005009999999999999
2021-09-09 05:25:44,3.0299999999999998e-05,0.282,-3.0,183.0,579.0,0.0005009999999999999
2021-09-09 05:26:44,3.0299999999999998e-05,0.282,-3.0,183.0,578.0,0.0005009999999999999
2021-09-09 05:27:45,3.01e-05,0.282,-3.0,183.0,579.0,0.0005009999999999999
2021-09-09 05:28:46,3.01e-05,0.282,-3.0,183.0,578.0,0.0005009999999999999
2021-09-09 05:29:46,3.07e-05,0.28300000000000003,-3.0,183.0,578.0,0.0005009999999999999
2021-09-09 05:30:47,2.99e-05,0.282,-3.0,183.0,577.0,0.0005009999999999999
2021-09-09 05:31:48,2.99e-05,0.282,-3.0,183.0,576.0,0.0005009999999999999
2021-09-09 05:32:48,2.98e-05,0.282,-3.0,183.0,576.0,0.0005009999999999999
2021-09-09 05:33:49,2.97e-05,0.28300000000000003,-3.0,183.0,576.0,0.0005009999999999999
2021-09-09 05:34:50,2.97e-05,0.282,-3.0,183.0,575.0,0.0005009999999999999
2021-09-09 05:35:50,2.9600000000000005e-05,0.28300000000000003,-3.0,183.0,574.0,0.0005009999999999999
2021-09-09 05:36:51,2.94e-05,0.28300000000000003,-3.0,183.0,574.0,0.0005009999999999999
2021-09-09 05:37:52,2.9299999999999997e-05,0.282,-3.0,183.0,575.0,0.0005009999999999999
2021-09-09 05:38:52,2.9299999999999997e-05,0.282,-3.0,183.0,573.0,0.0005009999999999999
2021-09-09 05:39:53,2.9100000000000003e-05,0.282,-3.0,184.0,573.0,0.0005009999999999999
2021-09-09 05:40:54,2.8999999999999997e-05,0.282,-2.0,183.0,572.0,0.0005009999999999999
2021-09-09 05:41:55,2.8899999999999998e-05,0.28300000000000003,-3.0,183.0,572.0,0.0005009999999999999
2021-09-09 05:42:55,2.8800000000000002e-05,0.28300000000000003,-3.0,183.0,572.0,0.0005009999999999999
2021-09-09 05:43:56,2.8800000000000002e-05,0.28300000000000003,-3.0,183.0,572.0,0.0005009999999999999
2021-09-09 05:44:56,3.18e-05,0.28300000000000003,-3.0,183.0,571.0,0.0005009999999999999
2021-09-09 05:45:57,2.8899999999999998e-05,0.28300000000000003,-3.0,183.0,570.0,0.0005009999999999999
2021-09-09 05:46:58,2.9600000000000005e-05,0.28300000000000003,-3.0,183.0,570.0,0.0005009999999999999
2021-09-09 05:47:58,2.8600000000000004e-05,0.28300000000000003,-3.0,183.0,569.0,0.0005009999999999999
2021-09-09 05:48:59,2.8499999999999998e-05,0.28300000000000003,-3.0,183.0,569.0,0.0005009999999999999
2021-09-09 05:50:00,2.84e-05,0.28300000000000003,-3.0,183.0,569.0,0.0005009999999999999
2021-09-09 05:51:01,2.9100000000000003e-05,0.28300000000000003,-3.0,183.0,568.0,0.0005009999999999999
2021-09-09 05:52:01,2.8199999999999998e-05,0.28300000000000003,-3.0,183.0,567.0,0.0005009999999999999
2021-09-09 05:53:02,2.8100000000000002e-05,0.28300000000000003,-3.0,183.0,568.0,0.0005009999999999999
2021-09-09 05:54:03,2.8000000000000003e-05,0.28300000000000003,-3.0,183.0,568.0,0.0005009999999999999
2021-09-09 05:55:03,2.8000000000000003e-05,0.28300000000000003,-3.0,183.0,566.0,0.0005009999999999999
2021-09-09 05:56:04,2.8000000000000003e-05,0.28300000000000003,-3.0,183.0,566.0,0.0005009999999999999
2021-09-09 05:57:05,2.78e-05,0.28300000000000003,-3.0,183.0,566.0,0.0005009999999999999
2021-09-09 05:58:05,2.7699999999999996e-05,0.28300000000000003,-3.0,183.0,565.0,0.0005009999999999999
2021-09-09 05:59:06,2.7699999999999996e-05,0.28300000000000003,-3.0,183.0,565.0,0.0005009999999999999
2021-09-09 06:00:07,2.7699999999999996e-05,0.28300000000000003,-3.0,183.0,565.0,0.0005009999999999999
2021-09-09 06:01:08,2.7600000000000003e-05,0.28300000000000003,-3.0,183.0,564.0,0.0005009999999999999
2021-09-09 06:02:08,2.7600000000000003e-05,0.28300000000000003,-3.0,183.0,564.0,0.0005009999999999999
2021-09-09 06:03:09,2.78e-05,0.284,-3.0,184.0,563.0,0.0005009999999999999
2021-09-09 06:04:10,2.7899999999999997e-05,0.284,-3.0,183.0,563.0,0.0005009999999999999
2021-09-09 06:05:10,2.8000000000000003e-05,0.284,-3.0,184.0,563.0,0.0005009999999999999
2021-09-09 06:06:11,2.78e-05,0.284,-3.0,184.0,563.0,0.0005009999999999999
2021-09-09 06:07:12,2.7600000000000003e-05,0.284,-2.0,184.0,563.0,0.0005009999999999999
2021-09-09 06:08:13,2.75e-05,0.284,-3.0,184.0,562.0,0.0005009999999999999
2021-09-09 06:09:13,2.7300000000000003e-05,0.284,-3.0,184.0,561.0,0.0005009999999999999
2021-09-09 06:10:14,2.72e-05,0.284,-3.0,183.0,561.0,0.0005009999999999999
2021-09-09 06:11:14,2.71e-05,0.284,-3.0,184.0,561.0,0.0005009999999999999
2021-09-09 06:12:15,2.6899999999999997e-05,0.284,-3.0,183.0,561.0,0.0005009999999999999
2021-09-09 06:13:15,2.6700000000000002e-05,0.284,-3.0,183.0,560.0,0.0005009999999999999
2021-09-09 06:14:16,2.6700000000000002e-05,0.284,-3.0,184.0,559.0,0.0005009999999999999
2021-09-09 06:15:17,2.6700000000000002e-05,0.284,-3.0,183.0,559.0,0.0005009999999999999
2021-09-09 06:16:18,2.65e-05,0.28300000000000003,-3.0,184.0,559.0,0.0005009999999999999
2021-09-09 06:17:18,2.65e-05,0.284,-3.0,184.0,558.0,0.0005009999999999999
2021-09-09 06:18:19,2.64e-05,0.28300000000000003,-3.0,184.0,558.0,0.0005009999999999999
2021-09-09 06:19:20,2.64e-05,0.28300000000000003,-3.0,183.0,557.0,0.0005009999999999999
2021-09-09 06:20:21,2.6300000000000002e-05,0.28300000000000003,-3.0,184.0,557.0,0.0005009999999999999
2021-09-09 06:21:21,2.62e-05,0.28300000000000003,-3.0,184.0,557.0,0.0005009999999999999
2021-09-09 06:22:22,2.62e-05,0.28300000000000003,-3.0,184.0,557.0,0.0005009999999999999
2021-09-09 06:23:23,2.6000000000000002e-05,0.28300000000000003,-3.0,184.0,555.0,0.0005009999999999999
2021-09-09 06:24:23,2.6000000000000002e-05,0.28300000000000003,-3.0,184.0,556.0,0.0005009999999999999
2021-09-09 06:25:24,2.61e-05,0.28300000000000003,-3.0,184.0,556.0,0.0005009999999999999
2021-09-09 06:26:25,2.61e-05,0.28300000000000003,-3.0,183.0,555.0,0.0005009999999999999
2021-09-09 06:27:26,2.6000000000000002e-05,0.28300000000000003,-3.0,184.0,555.0,0.0005009999999999999
2021-09-09 06:28:27,2.6000000000000002e-05,0.28300000000000003,-3.0,184.0,555.0,0.0005009999999999999
2021-09-09 06:29:27,2.59e-05,0.28300000000000003,-3.0,184.0,555.0,0.0005009999999999999
2021-09-09 06:30:28,2.58e-05,0.28300000000000003,-3.0,184.0,553.0,0.0005009999999999999
2021-09-09 06:31:28,2.58e-05,0.28300000000000003,-3.0,184.0,554.0,0.0005009999999999999
2021-09-09 06:32:29,2.58e-05,0.28300000000000003,-3.0,184.0,553.0,0.0005009999999999999
2021-09-09 06:33:30,2.57e-05,0.28300000000000003,-3.0,184.0,553.0,0.0005009999999999999
2021-09-09 06:34:30,2.65e-05,0.28300000000000003,-3.0,184.0,552.0,0.0005009999999999999
2021-09-09 06:35:31,2.56e-05,0.28300000000000003,-3.0,184.0,553.0,0.0005009999999999999
2021-09-09 06:36:32,2.57e-05,0.28300000000000003,-3.0,184.0,551.0,0.0005009999999999999
2021-09-09 06:37:33,2.56e-05,0.28300000000000003,-3.0,183.0,552.0,0.0005009999999999999
2021-09-09 06:38:33,2.55e-05,0.28300000000000003,-3.0,184.0,551.0,0.0005009999999999999
2021-09-09 06:39:34,2.55e-05,0.284,-3.0,184.0,551.0,0.0005009999999999999
2021-09-09 06:40:35,2.54e-05,0.28300000000000003,-3.0,184.0,550.0,0.0005009999999999999
2021-09-09 06:41:35,2.54e-05,0.28300000000000003,-3.0,184.0,550.0,0.0005009999999999999
2021-09-09 06:42:36,2.5300000000000002e-05,0.28300000000000003,-3.0,184.0,549.0,0.0005009999999999999
2021-09-09 06:43:37,2.52e-05,0.28300000000000003,-3.0,184.0,549.0,0.0005009999999999999
2021-09-09 06:44:37,2.55e-05,0.28300000000000003,-3.0,184.0,549.0,0.0005009999999999999
2021-09-09 06:45:38,2.52e-05,0.28300000000000003,-3.0,184.0,549.0,0.0005009999999999999
2021-09-09 06:46:39,2.52e-05,0.28300000000000003,-3.0,184.0,548.0,0.0005009999999999999
2021-09-09 06:47:39,2.51e-05,0.28300000000000003,-3.0,184.0,547.0,0.0005009999999999999
2021-09-09 06:48:40,2.51e-05,0.28300000000000003,-3.0,184.0,547.0,0.0005009999999999999
2021-09-09 06:49:41,2.51e-05,0.28300000000000003,-3.0,184.0,547.0,0.0005009999999999999
2021-09-09 06:50:42,2.49e-05,0.28300000000000003,-3.0,184.0,545.0,0.0005009999999999999
2021-09-09 06:51:42,2.5e-05,0.28300000000000003,-3.0,184.0,545.0,0.0005009999999999999
2021-09-09 06:52:43,2.49e-05,0.28300000000000003,-3.0,184.0,545.0,0.0005009999999999999
2021-09-09 06:53:44,2.49e-05,0.28300000000000003,-3.0,184.0,545.0,0.0005009999999999999
2021-09-09 06:54:44,2.49e-05,0.28300000000000003,-3.0,184.0,545.0,0.0005009999999999999
2021-09-09 06:55:45,2.49e-05,0.284,-3.0,184.0,544.0,0.0005009999999999999
2021-09-09 06:56:46,2.49e-05,0.284,-3.0,184.0,544.0,0.0005009999999999999
2021-09-09 06:57:46,2.48e-05,0.284,-3.0,184.0,543.0,0.0005009999999999999
2021-09-09 06:58:47,2.48e-05,0.285,-3.0,184.0,544.0,0.0005009999999999999
2021-09-09 06:59:48,2.47e-05,0.285,-3.0,184.0,542.0,0.0005009999999999999
2021-09-09 07:00:49,2.47e-05,0.285,-3.0,184.0,543.0,0.0005009999999999999
2021-09-09 07:01:50,2.48e-05,0.285,-3.0,184.0,542.0,0.0005009999999999999
2021-09-09 07:02:50,2.47e-05,0.284,-3.0,184.0,541.0,0.0005009999999999999
2021-09-09 07:03:51,2.46e-05,0.284,-3.0,184.0,540.0,0.0005009999999999999
2021-09-09 07:04:52,2.46e-05,0.284,-3.0,184.0,540.0,0.0005009999999999999
2021-09-09 07:05:53,2.46e-05,0.284,-3.0,184.0,539.0,0.0005009999999999999
2021-09-09 07:06:53,2.45e-05,0.284,-3.0,184.0,540.0,0.0005009999999999999
2021-09-09 07:07:54,2.44e-05,0.284,-3.0,184.0,538.0,0.0005009999999999999
2021-09-09 07:08:55,2.4299999999999998e-05,0.284,-3.0,184.0,538.0,0.0005009999999999999
2021-09-09 07:09:55,2.44e-05,0.284,-2.0,184.0,537.0,0.0005009999999999999
2021-09-09 07:10:56,2.4299999999999998e-05,0.28300000000000003,-3.0,184.0,538.0,0.0005009999999999999
2021-09-09 07:11:57,2.42e-05,0.284,-3.0,184.0,537.0,0.0005009999999999999
2021-09-09 07:12:58,2.42e-05,0.284,-3.0,184.0,537.0,0.0005009999999999999
2021-09-09 07:13:58,2.4100000000000003e-05,0.284,-3.0,184.0,536.0,0.0005009999999999999
2021-09-09 07:14:59,2.4e-05,0.284,-3.0,184.0,537.0,0.0005009999999999999
2021-09-09 07:15:59,2.4e-05,0.28300000000000003,-3.0,184.0,536.0,0.0005009999999999999
2021-09-09 07:17:00,2.3899999999999998e-05,0.28300000000000003,-2.0,184.0,535.0,0.0005009999999999999
2021-09-09 07:18:01,2.3800000000000003e-05,0.28300000000000003,-3.0,184.0,535.0,0.0005009999999999999
2021-09-09 07:19:01,2.3899999999999998e-05,0.28300000000000003,-3.0,184.0,534.0,0.0005009999999999999
2021-09-09 07:20:02,2.3899999999999998e-05,0.28300000000000003,-3.0,184.0,534.0,0.0005009999999999999
2021-09-09 07:21:03,2.3899999999999998e-05,0.284,-3.0,184.0,534.0,0.0005009999999999999
2021-09-09 07:22:03,2.3800000000000003e-05,0.284,-3.0,184.0,534.0,0.0005009999999999999
2021-09-09 07:23:04,2.3800000000000003e-05,0.28300000000000003,-3.0,184.0,533.0,0.0005009999999999999
2021-09-09 07:24:05,2.37e-05,0.284,-3.0,184.0,533.0,0.0005009999999999999
2021-09-09 07:25:06,2.37e-05,0.284,-3.0,184.0,532.0,0.0005009999999999999
2021-09-09 07:26:07,2.37e-05,0.285,-3.0,184.0,533.0,0.0005009999999999999
2021-09-09 07:27:07,2.37e-05,0.284,-3.0,184.0,532.0,0.0005009999999999999
2021-09-09 07:28:08,2.36e-05,0.285,-3.0,184.0,531.0,0.0005009999999999999
2021-09-09 07:29:09,2.36e-05,0.285,-3.0,184.0,531.0,0.0005009999999999999
2021-09-09 07:30:09,2.36e-05,0.284,-3.0,184.0,531.0,0.0005009999999999999
2021-09-09 07:31:10,2.35e-05,0.284,-3.0,184.0,530.0,0.0005009999999999999
2021-09-09 07:32:11,2.35e-05,0.285,-3.0,184.0,530.0,0.0005009999999999999
2021-09-09 07:33:12,2.36e-05,0.285,-3.0,184.0,529.0,0.0005009999999999999
2021-09-09 07:34:12,2.3800000000000003e-05,0.285,-3.0,184.0,528.0,0.0005009999999999999
2021-09-09 07:35:13,2.35e-05,0.285,-3.0,184.0,528.0,0.0005009999999999999
2021-09-09 07:36:14,2.35e-05,0.285,-3.0,184.0,528.0,0.0005009999999999999
2021-09-09 07:37:14,2.35e-05,0.284,-3.0,184.0,528.0,0.0005009999999999999
2021-09-09 07:38:15,2.34e-05,0.285,-3.0,184.0,527.0,0.0005009999999999999
2021-09-09 07:39:16,2.33e-05,0.285,-3.0,184.0,528.0,0.0005009999999999999
2021-09-09 07:40:16,2.34e-05,0.285,-3.0,184.0,526.0,0.0005009999999999999
2021-09-09 07:41:17,2.33e-05,0.285,-3.0,184.0,526.0,0.0005009999999999999
2021-09-09 07:42:18,2.33e-05,0.285,-3.0,184.0,526.0,0.0005009999999999999
2021-09-09 07:43:18,2.33e-05,0.285,-3.0,184.0,526.0,0.0005009999999999999
2021-09-09 07:44:19,2.33e-05,0.285,-3.0,184.0,525.0,0.0005009999999999999
2021-09-09 07:45:20,2.3199999999999998e-05,0.285,-3.0,184.0,525.0,0.0005009999999999999
2021-09-09 07:46:20,2.3100000000000002e-05,0.285,-3.0,184.0,525.0,0.0005009999999999999
2021-09-09 07:47:21,2.3100000000000002e-05,0.285,-3.0,184.0,524.0,0.0005009999999999999
2021-09-09 07:48:22,2.47e-05,0.285,-3.0,184.0,524.0,0.0005009999999999999
2021-09-09 07:49:22,2.33e-05,0.285,-3.0,184.0,523.0,0.0005009999999999999
2021-09-09 07:50:23,2.33e-05,0.285,-3.0,184.0,522.0,0.0005009999999999999
2021-09-09 07:51:24,2.3199999999999998e-05,0.285,-3.0,184.0,523.0,0.0005009999999999999
2021-09-09 07:52:24,2.3e-05,0.28600000000000003,-3.0,184.0,524.0,0.0005009999999999999
2021-09-09 07:53:25,2.3e-05,0.28600000000000003,-3.0,184.0,522.0,0.0005009999999999999
2021-09-09 07:54:25,2.3e-05,0.285,-3.0,184.0,522.0,0.0005009999999999999
2021-09-09 07:55:26,2.3e-05,0.285,-3.0,184.0,521.0,0.0005009999999999999
2021-09-09 07:56:27,2.2899999999999998e-05,0.285,-3.0,184.0,521.0,0.0005009999999999999
2021-09-09 07:57:27,2.3e-05,0.28600000000000003,-3.0,184.0,520.0,0.0005009999999999999
2021-09-09 07:58:28,2.2899999999999998e-05,0.28600000000000003,-3.0,184.0,520.0,0.0005009999999999999
2021-09-09 07:59:28,2.2899999999999998e-05,0.28600000000000003,-3.0,184.0,520.0,0.0005009999999999999
2021-09-09 08:00:29,2.2800000000000002e-05,0.28600000000000003,-3.0,184.0,519.0,0.0005009999999999999
2021-09-09 08:01:30,2.2800000000000002e-05,0.28600000000000003,-3.0,184.0,519.0,0.0005009999999999999
2021-09-09 08:02:30,2.27e-05,0.28600000000000003,-3.0,184.0,519.0,0.0005009999999999999
2021-09-09 08:03:31,2.26e-05,0.28600000000000003,-3.0,184.0,518.0,0.0005009999999999999
2021-09-09 08:04:32,2.26e-05,0.28600000000000003,-3.0,184.0,518.0,0.0005009999999999999
2021-09-09 08:05:33,2.27e-05,0.28600000000000003,-3.0,184.0,517.0,0.0005009999999999999
2021-09-09 08:06:33,2.2899999999999998e-05,0.28600000000000003,-3.0,184.0,516.0,0.0005009999999999999
2021-09-09 08:07:34,2.27e-05,0.28600000000000003,-3.0,184.0,518.0,0.0005009999999999999
2021-09-09 08:08:35,2.27e-05,0.28600000000000003,-3.0,184.0,516.0,0.0005009999999999999
2021-09-09 08:09:35,2.27e-05,0.28600000000000003,-3.0,184.0,516.0,0.0005009999999999999
2021-09-09 08:10:36,2.27e-05,0.287,-3.0,184.0,516.0,0.0005009999999999999
2021-09-09 08:11:37,2.26e-05,0.287,-3.0,184.0,515.0,0.0005009999999999999
2021-09-09 08:12:37,2.26e-05,0.287,-3.0,184.0,515.0,0.0005009999999999999
2021-09-09 08:13:38,2.27e-05,0.287,-3.0,184.0,515.0,0.0005009999999999999
2021-09-09 08:14:39,2.26e-05,0.287,-3.0,184.0,514.0,0.0005009999999999999
2021-09-09 08:15:40,2.26e-05,0.287,-3.0,184.0,514.0,0.0005009999999999999
2021-09-09 08:16:40,2.25e-05,0.287,-3.0,184.0,514.0,0.0005009999999999999
2021-09-09 08:17:41,2.25e-05,0.287,-3.0,184.0,513.0,0.0005009999999999999
2021-09-09 08:18:42,2.25e-05,0.28600000000000003,-3.0,184.0,513.0,0.0005009999999999999
2021-09-09 08:19:43,2.24e-05,0.287,-3.0,184.0,513.0,0.0005009999999999999
2021-09-09 08:20:43,2.24e-05,0.287,-3.0,184.0,513.0,0.0005009999999999999
2021-09-09 08:21:44,2.24e-05,0.287,-3.0,184.0,512.0,0.0005009999999999999
2021-09-09 08:22:44,2.24e-05,0.287,-3.0,184.0,512.0,0.0005009999999999999
2021-09-09 08:23:45,2.24e-05,0.287,-2.0,184.0,512.0,0.0005009999999999999
2021-09-09 08:24:46,2.24e-05,0.287,-3.0,184.0,511.0,0.0005009999999999999
2021-09-09 08:25:46,2.24e-05,0.287,-3.0,184.0,510.0,0.0005009999999999999
2021-09-09 08:26:47,2.24e-05,0.287,-3.0,184.0,511.0,0.0005009999999999999
2021-09-09 08:27:48,2.24e-05,0.287,-3.0,184.0,510.0,0.0005009999999999999
2021-09-09 08:28:48,2.2899999999999998e-05,0.287,-3.0,184.0,510.0,0.0005009999999999999
2021-09-09 08:29:49,2.24e-05,0.287,-3.0,184.0,510.0,0.0005009999999999999
2021-09-09 08:30:49,2.23e-05,0.28800000000000003,-3.0,184.0,510.0,0.0005009999999999999
2021-09-09 08:31:50,2.22e-05,0.28800000000000003,-3.0,184.0,510.0,0.0005009999999999999
2021-09-09 08:32:51,2.22e-05,0.287,-3.0,184.0,510.0,0.0005009999999999999
2021-09-09 08:33:52,2.23e-05,0.28800000000000003,-3.0,184.0,509.0,0.0005009999999999999
2021-09-09 08:34:53,2.22e-05,0.28800000000000003,-3.0,184.0,508.0,0.0005009999999999999
2021-09-09 08:35:53,2.22e-05,0.28800000000000003,-3.0,184.0,508.0,0.0005009999999999999
2021-09-09 08:36:54,2.22e-05,0.287,-3.0,184.0,507.0,0.0005009999999999999
2021-09-09 08:37:55,2.22e-05,0.28800000000000003,-2.0,184.0,507.0,0.0005009999999999999
2021-09-09 08:38:55,2.22e-05,0.28800000000000003,-3.0,184.0,507.0,0.0005009999999999999
2021-09-09 08:39:56,2.24e-05,0.287,-3.0,184.0,507.0,0.0005009999999999999
2021-09-09 08:40:57,2.23e-05,0.28800000000000003,-3.0,184.0,507.0,0.0005009999999999999
2021-09-09 08:41:58,2.25e-05,0.28800000000000003,-3.0,184.0,506.0,0.0005009999999999999
2021-09-09 08:42:58,2.2899999999999998e-05,0.28800000000000003,-3.0,184.0,506.0,0.0005009999999999999
2021-09-09 08:43:59,2.25e-05,0.28800000000000003,-3.0,184.0,505.0,0.0005009999999999999
2021-09-09 08:44:59,2.24e-05,0.287,-3.0,184.0,506.0,0.0005009999999999999
2021-09-09 08:46:00,2.23e-05,0.28800000000000003,-3.0,184.0,504.0,0.0005009999999999999
2021-09-09 08:47:01,2.22e-05,0.28800000000000003,-3.0,184.0,505.0,0.0005009999999999999
2021-09-09 08:48:02,2.2100000000000002e-05,0.28800000000000003,-3.0,184.0,504.0,0.0005009999999999999
2021-09-09 08:49:03,2.2e-05,0.28800000000000003,-3.0,184.0,504.0,0.0005009999999999999
2021-09-09 08:50:03,2.2e-05,0.28800000000000003,-3.0,184.0,503.0,0.0005009999999999999
2021-09-09 08:51:04,2.1899999999999997e-05,0.28800000000000003,-3.0,184.0,504.0,0.0005009999999999999
2021-09-09 08:52:05,2.18e-05,0.28800000000000003,-3.0,184.0,504.0,0.0005009999999999999
2021-09-09 08:53:05,2.1899999999999997e-05,0.287,-3.0,184.0,503.0,0.0005009999999999999
2021-09-09 08:54:06,2.18e-05,0.287,-3.0,184.0,503.0,0.0005009999999999999
2021-09-09 08:55:07,2.18e-05,0.28800000000000003,-3.0,184.0,502.0,0.0005009999999999999
2021-09-09 08:56:07,2.18e-05,0.28800000000000003,-3.0,184.0,501.0,0.0005009999999999999
2021-09-09 08:57:08,2.1899999999999997e-05,0.287,-3.0,184.0,501.0,0.0005009999999999999
2021-09-09 08:58:09,2.18e-05,0.28800000000000003,-3.0,184.0,501.0,0.0005009999999999999
2021-09-09 08:59:09,2.18e-05,0.287,-3.0,184.0,500.0,0.0005009999999999999
2021-09-09 09:00:10,2.1899999999999997e-05,0.287,-3.0,184.0,500.0,0.0005009999999999999
2021-09-09 09:01:11,2.1899999999999997e-05,0.28600000000000003,-3.0,184.0,501.0,0.0005009999999999999
2021-09-09 09:02:12,2.18e-05,0.287,-3.0,184.0,500.0,0.0005009999999999999
2021-09-09 09:03:12,2.2e-05,0.287,-2.0,184.0,500.0,0.0005009999999999999
2021-09-09 09:04:13,2.1899999999999997e-05,0.28600000000000003,-3.0,184.0,498.0,0.0005009999999999999
2021-09-09 09:05:14,2.1899999999999997e-05,0.28600000000000003,-3.0,184.0,499.0,0.0005009999999999999
2021-09-09 09:06:14,2.1899999999999997e-05,0.28600000000000003,-3.0,184.0,498.0,0.0005009999999999999
2021-09-09 09:07:15,2.1899999999999997e-05,0.28600000000000003,-3.0,184.0,498.0,0.0005009999999999999
2021-09-09 09:08:16,2.1899999999999997e-05,0.28600000000000003,-3.0,184.0,497.0,0.0005009999999999999
2021-09-09 09:09:16,2.1899999999999997e-05,0.28600000000000003,-3.0,184.0,497.0,0.0005009999999999999
2021-09-09 09:10:17,2.1899999999999997e-05,0.28600000000000003,-3.0,184.0,497.0,0.0005009999999999999
2021-09-09 09:11:18,2.18e-05,0.28600000000000003,-3.0,184.0,496.0,0.0005009999999999999
2021-09-09 09:12:18,2.18e-05,0.28600000000000003,-2.0,184.0,496.0,0.0005009999999999999
2021-09-09 09:13:19,2.17e-05,0.285,-3.0,184.0,496.0,0.0005009999999999999
2021-09-09 09:14:20,2.18e-05,0.28600000000000003,-3.0,184.0,495.0,0.0005009999999999999
2021-09-09 09:15:20,2.18e-05,0.285,-3.0,184.0,495.0,0.0005009999999999999
2021-09-09 09:16:21,2.1600000000000003e-05,0.28600000000000003,-3.0,184.0,494.0,0.0005009999999999999
2021-09-09 09:17:22,2.17e-05,0.28600000000000003,-3.0,184.0,494.0,0.0005009999999999999
2021-09-09 09:18:22,2.1600000000000003e-05,0.28600000000000003,-3.0,184.0,493.0,0.0005009999999999999
2021-09-09 09:19:23,2.1600000000000003e-05,0.287,-3.0,184.0,493.0,0.0005009999999999999
2021-09-09 09:20:24,2.1600000000000003e-05,0.287,-3.0,184.0,493.0,0.0005009999999999999
2021-09-09 09:21:25,2.1600000000000003e-05,0.28600000000000003,-3.0,184.0,493.0,0.0005009999999999999
2021-09-09 09:22:25,2.18e-05,0.28600000000000003,-3.0,184.0,492.0,0.0005009999999999999
2021-09-09 09:23:26,2.17e-05,0.287,-3.0,185.0,492.0,0.0005009999999999999
2021-09-09 09:24:27,2.1600000000000003e-05,0.287,-3.0,185.0,492.0,0.0005009999999999999
2021-09-09 09:25:27,2.1600000000000003e-05,0.28800000000000003,-3.0,184.0,491.0,0.0005009999999999999
2021-09-09 09:26:28,2.17e-05,0.287,-3.0,184.0,491.0,0.0005009999999999999
2021-09-09 09:27:29,2.1600000000000003e-05,0.28800000000000003,-3.0,184.0,490.0,0.0005009999999999999
2021-09-09 09:28:30,2.17e-05,0.28800000000000003,-3.0,184.0,491.0,0.0005009999999999999
2021-09-09 09:29:30,2.18e-05,0.28800000000000003,-3.0,184.0,491.0,0.0005009999999999999
2021-09-09 09:30:31,2.18e-05,0.28800000000000003,-3.0,185.0,490.0,0.0005009999999999999
2021-09-09 09:31:32,2.18e-05,0.28800000000000003,-3.0,184.0,490.0,0.0005009999999999999
2021-09-09 09:32:33,2.18e-05,0.28800000000000003,-3.0,184.0,490.0,0.0005009999999999999
2021-09-09 09:33:33,2.1899999999999997e-05,0.28800000000000003,-3.0,185.0,489.0,0.0005009999999999999
2021-09-09 09:34:34,2.18e-05,0.28800000000000003,-3.0,185.0,489.0,0.0005009999999999999
2021-09-09 09:35:35,2.18e-05,0.28800000000000003,-3.0,185.0,488.0,0.0005009999999999999
2021-09-09 09:36:35,2.17e-05,0.28800000000000003,-3.0,184.0,488.0,0.0005009999999999999
2021-09-09 09:37:36,2.1600000000000003e-05,0.289,-3.0,185.0,488.0,0.0005009999999999999
2021-09-09 09:38:37,2.18e-05,0.289,-3.0,184.0,488.0,0.0005009999999999999
2021-09-09 09:39:37,2.1600000000000003e-05,0.289,-3.0,185.0,487.0,0.0005009999999999999
2021-09-09 09:40:38,2.1600000000000003e-05,0.289,-3.0,185.0,487.0,0.0005009999999999999
2021-09-09 09:41:39,2.15e-05,0.289,-3.0,184.0,487.0,0.0005009999999999999
2021-09-09 09:42:39,2.14e-05,0.289,-3.0,185.0,487.0,0.0005009999999999999
2021-09-09 09:43:40,2.14e-05,0.289,-2.0,185.0,486.0,0.0005009999999999999
2021-09-09 09:44:41,2.14e-05,0.289,-3.0,185.0,486.0,0.0005009999999999999
2021-09-09 09:45:42,2.15e-05,0.289,-3.0,185.0,486.0,0.0005009999999999999
2021-09-09 09:46:42,2.14e-05,0.289,-3.0,185.0,485.0,0.0005009999999999999
2021-09-09 09:47:43,2.14e-05,0.289,-3.0,185.0,485.0,0.0005009999999999999
2021-09-09 09:48:43,2.14e-05,0.289,-2.0,185.0,484.0,0.0005009999999999999
2021-09-09 09:49:44,2.14e-05,0.289,-3.0,185.0,484.0,0.0005009999999999999
2021-09-09 09:50:45,2.13e-05,0.289,-3.0,185.0,484.0,0.0005009999999999999
2021-09-09 09:51:45,2.13e-05,0.289,-3.0,185.0,484.0,0.0005009999999999999
2021-09-09 09:52:46,2.13e-05,0.289,-3.0,185.0,483.0,0.0005009999999999999
2021-09-09 09:53:47,2.14e-05,0.289,-3.0,185.0,483.0,0.0005009999999999999
2021-09-09 09:54:47,2.13e-05,0.289,-2.0,185.0,482.0,0.0005009999999999999
2021-09-09 09:55:48,2.13e-05,0.29,-3.0,185.0,482.0,0.0005009999999999999
2021-09-09 09:56:49,2.1600000000000003e-05,0.29,-3.0,185.0,482.0,0.0005009999999999999
2021-09-09 09:57:49,2.14e-05,0.29,-3.0,185.0,481.0,0.0005009999999999999
2021-09-09 09:58:50,2.13e-05,0.29,-3.0,185.0,481.0,0.0005009999999999999
2021-09-09 09:59:51,2.13e-05,0.29,-2.0,185.0,481.0,0.0005009999999999999
2021-09-09 10:00:51,2.13e-05,0.29,-3.0,185.0,480.0,0.0005009999999999999
2021-09-09 10:01:52,2.12e-05,0.29,-3.0,185.0,482.0,0.0005009999999999999
2021-09-09 10:02:53,2.13e-05,0.29,-2.0,185.0,480.0,0.0005009999999999999
2021-09-09 10:03:53,2.13e-05,0.29,-3.0,185.0,480.0,0.0005009999999999999
2021-09-09 10:04:54,2.13e-05,0.29,-3.0,185.0,479.0,0.0005009999999999999
2021-09-09 10:05:55,2.13e-05,0.29,-2.0,185.0,479.0,0.0005009999999999999
2021-09-09 10:06:55,2.12e-05,0.29,-3.0,185.0,479.0,0.0005009999999999999
2021-09-09 10:07:56,2.12e-05,0.29,-3.0,185.0,479.0,0.0005009999999999999
2021-09-09 10:08:57,2.12e-05,0.29100000000000004,-2.0,185.0,478.0,0.0005009999999999999
2021-09-09 10:09:58,2.12e-05,0.29,-2.0,185.0,477.0,0.0005009999999999999
2021-09-09 10:10:58,2.12e-05,0.29,-3.0,185.0,478.0,0.0005009999999999999
2021-09-09 10:11:59,2.12e-05,0.29,-3.0,185.0,477.0,0.0005009999999999999
2021-09-09 10:13:00,2.11e-05,0.29,-3.0,185.0,477.0,0.0005009999999999999
2021-09-09 10:14:00,2.12e-05,0.29100000000000004,-3.0,185.0,477.0,0.0005009999999999999
2021-09-09 10:15:01,2.13e-05,0.29100000000000004,-3.0,185.0,476.0,0.0005009999999999999
2021-09-09 10:16:02,2.12e-05,0.29100000000000004,-3.0,185.0,476.0,0.0005009999999999999
2021-09-09 10:17:03,2.11e-05,0.29100000000000004,-3.0,185.0,476.0,0.0005009999999999999
2021-09-09 10:18:03,2.11e-05,0.29100000000000004,-3.0,185.0,475.0,0.0005009999999999999
2021-09-09 10:19:04,2.11e-05,0.29100000000000004,-2.0,185.0,475.0,0.0005009999999999999
2021-09-09 10:20:04,2.11e-05,0.29100000000000004,-3.0,185.0,476.0,0.0005009999999999999
2021-09-09 10:21:05,2.11e-05,0.29100000000000004,-3.0,185.0,475.0,0.0005009999999999999
2021-09-09 10:22:06,2.11e-05,0.29100000000000004,-3.0,185.0,474.0,0.0005009999999999999
2021-09-09 10:23:07,2.11e-05,0.29100000000000004,-2.0,185.0,474.0,0.0005009999999999999
2021-09-09 10:24:07,2.11e-05,0.29100000000000004,-2.0,185.0,473.0,0.0005009999999999999
2021-09-09 10:25:08,2.13e-05,0.29100000000000004,-3.0,185.0,473.0,0.0005009999999999999
2021-09-09 10:26:09,2.15e-05,0.29100000000000004,-3.0,185.0,473.0,0.0005009999999999999
2021-09-09 10:27:10,2.13e-05,0.29100000000000004,-2.0,185.0,473.0,0.0005009999999999999
2021-09-09 10:28:10,2.13e-05,0.29100000000000004,-3.0,185.0,473.0,0.0005009999999999999
2021-09-09 10:29:11,2.13e-05,0.29100000000000004,-3.0,185.0,472.0,0.0005009999999999999
2021-09-09 10:30:11,2.13e-05,0.29100000000000004,-2.0,185.0,472.0,0.0005009999999999999
2021-09-09 10:31:12,2.14e-05,0.29100000000000004,-2.0,185.0,471.0,0.0005009999999999999
2021-09-09 10:32:13,2.13e-05,0.29100000000000004,-3.0,185.0,471.0,0.0005009999999999999
2021-09-09 10:33:14,2.13e-05,0.29100000000000004,-3.0,185.0,471.0,0.0005009999999999999
2021-09-09 10:34:14,2.12e-05,0.29100000000000004,-3.0,185.0,470.0,0.0005009999999999999
2021-09-09 10:35:15,2.12e-05,0.29100000000000004,-3.0,185.0,471.0,0.0005009999999999999
2021-09-09 10:36:15,2.12e-05,0.292,-3.0,185.0,470.0,0.0005009999999999999
2021-09-09 10:37:16,2.13e-05,0.292,-2.0,185.0,470.0,0.0005009999999999999
2021-09-09 10:38:17,2.12e-05,0.292,-3.0,185.0,470.0,0.0005009999999999999
2021-09-09 10:39:17,2.12e-05,0.292,-2.0,185.0,470.0,0.0005009999999999999
2021-09-09 10:40:18,2.12e-05,0.292,-3.0,185.0,470.0,0.0005009999999999999
2021-09-09 10:41:19,2.12e-05,0.292,-3.0,185.0,468.0,0.0005009999999999999
2021-09-09 10:42:20,2.13e-05,0.292,-3.0,185.0,469.0,0.0005009999999999999
2021-09-09 10:43:20,2.12e-05,0.292,-3.0,185.0,468.0,0.0005009999999999999
2021-09-09 10:44:21,2.12e-05,0.292,-2.0,185.0,468.0,0.0005009999999999999
2021-09-09 10:45:21,2.12e-05,0.292,-3.0,185.0,467.0,0.0005009999999999999
2021-09-09 10:46:22,2.12e-05,0.293,-3.0,185.0,467.0,0.0005009999999999999
2021-09-09 10:47:23,2.12e-05,0.292,-2.0,185.0,468.0,0.0005009999999999999
2021-09-09 10:48:23,2.12e-05,0.292,-3.0,185.0,467.0,0.0005009999999999999
2021-09-09 10:49:24,2.2e-05,0.292,-3.0,185.0,467.0,0.0005009999999999999
2021-09-09 10:50:25,2.12e-05,0.292,-3.0,185.0,467.0,0.0005009999999999999
2021-09-09 10:51:26,2.13e-05,0.292,-3.0,185.0,466.0,0.0005009999999999999
2021-09-09 10:52:26,2.12e-05,0.292,-3.0,185.0,467.0,0.0005009999999999999
2021-09-09 10:53:27,2.12e-05,0.292,-2.0,185.0,465.0,0.0005009999999999999
2021-09-09 10:54:27,2.15e-05,0.293,-2.0,185.0,466.0,0.0005009999999999999
2021-09-09 10:55:28,2.12e-05,0.293,-2.0,185.0,465.0,0.0005009999999999999
2021-09-09 10:56:29,2.12e-05,0.293,-3.0,185.0,465.0,0.0005009999999999999
2021-09-09 10:57:30,2.12e-05,0.293,-2.0,185.0,465.0,0.0005009999999999999
2021-09-09 10:58:31,2.11e-05,0.293,-3.0,185.0,464.0,0.0005009999999999999
2021-09-09 10:59:31,2.12e-05,0.293,-3.0,185.0,465.0,0.0005009999999999999
2021-09-09 11:00:32,2.13e-05,0.293,-3.0,185.0,464.0,0.0005009999999999999
2021-09-09 11:01:33,2.12e-05,0.293,-3.0,185.0,464.0,0.0005009999999999999
2021-09-09 11:02:33,2.11e-05,0.293,-2.0,185.0,463.0,0.0005009999999999999
2021-09-09 11:03:34,2.12e-05,0.293,-2.0,185.0,463.0,0.0005009999999999999
2021-09-09 11:04:34,2.12e-05,0.293,-2.0,185.0,463.0,0.0005009999999999999
2021-09-09 11:05:35,2.12e-05,0.293,-2.0,185.0,462.0,0.0005009999999999999
2021-09-09 11:06:36,2.13e-05,0.293,-2.0,185.0,463.0,0.0005009999999999999
2021-09-09 11:07:36,2.12e-05,0.293,-3.0,185.0,462.0,0.0005009999999999999
2021-09-09 11:08:37,2.11e-05,0.293,-3.0,185.0,462.0,0.0005009999999999999
2021-09-09 11:09:38,2.12e-05,0.293,-2.0,185.0,462.0,0.0005009999999999999
2021-09-09 11:10:39,2.11e-05,0.293,-2.0,185.0,462.0,0.0005009999999999999
2021-09-09 11:11:39,2.12e-05,0.293,-2.0,185.0,461.0,0.0005009999999999999
2021-09-09 11:12:40,2.11e-05,0.293,-2.0,185.0,460.0,0.0005009999999999999
2021-09-09 11:13:41,2.12e-05,0.293,-2.0,185.0,460.0,0.0005009999999999999
2021-09-09 11:14:41,2.11e-05,0.293,-2.0,185.0,460.0,0.0005009999999999999
2021-09-09 11:15:42,2.11e-05,0.293,-3.0,185.0,460.0,0.0005009999999999999
2021-09-09 11:16:43,2.11e-05,0.293,-3.0,185.0,460.0,0.0005009999999999999
2021-09-09 11:17:43,2.11e-05,0.293,-2.0,185.0,459.0,0.0005009999999999999
2021-09-09 11:18:44,2.11e-05,0.293,-2.0,185.0,459.0,0.0005009999999999999
2021-09-09 11:19:44,2.12e-05,0.293,-2.0,185.0,459.0,0.0005009999999999999
2021-09-09 11:20:45,2.11e-05,0.293,-2.0,185.0,458.0,0.0005009999999999999
2021-09-09 11:21:46,2.11e-05,0.294,-2.0,185.0,459.0,0.0005009999999999999
2021-09-09 11:22:46,2.11e-05,0.294,-2.0,185.0,458.0,0.0005009999999999999
2021-09-09 11:23:47,2.11e-05,0.294,-2.0,185.0,458.0,0.0005009999999999999
2021-09-09 11:24:48,2.11e-05,0.294,-2.0,185.0,458.0,0.0005009999999999999
2021-09-09 11:25:48,2.1e-05,0.294,-3.0,185.0,457.0,0.0005009999999999999
2021-09-09 11:26:49,2.14e-05,0.294,-2.0,185.0,457.0,0.0005009999999999999
2021-09-09 11:27:49,2.11e-05,0.294,-3.0,185.0,456.0,0.0005009999999999999
2021-09-09 11:28:50,2.11e-05,0.294,-2.0,185.0,456.0,0.0005009999999999999
2021-09-09 11:29:51,2.11e-05,0.294,-2.0,185.0,456.0,0.0005009999999999999
2021-09-09 11:30:52,2.11e-05,0.294,-2.0,185.0,456.0,0.0005009999999999999
2021-09-09 11:31:52,2.1e-05,0.294,-2.0,185.0,456.0,0.0005009999999999999
2021-09-09 11:32:53,2.1e-05,0.294,-3.0,185.0,455.0,0.0005009999999999999
2021-09-09 11:33:54,2.1e-05,0.294,-2.0,185.0,455.0,0.0005009999999999999
2021-09-09 11:34:54,2.1e-05,0.294,-2.0,185.0,454.0,0.0005009999999999999
2021-09-09 11:35:55,2.1e-05,0.294,-2.0,185.0,454.0,0.0005009999999999999
2021-09-09 11:36:56,2.1e-05,0.294,-2.0,185.0,454.0,0.0005009999999999999
2021-09-09 11:37:56,2.1e-05,0.294,-3.0,185.0,454.0,0.0005009999999999999
2021-09-09 11:38:57,2.1e-05,0.294,-2.0,185.0,454.0,0.0005009999999999999
2021-09-09 11:39:57,2.1e-05,0.294,-2.0,185.0,452.0,0.0005009999999999999
2021-09-09 11:40:58,2.1e-05,0.294,-3.0,185.0,452.0,0.0005009999999999999
2021-09-09 11:41:59,2.09e-05,0.294,-3.0,185.0,452.0,0.0005009999999999999
2021-09-09 11:42:59,2.09e-05,0.294,-3.0,185.0,452.0,0.0005009999999999999
2021-09-09 11:44:00,2.1e-05,0.294,-3.0,185.0,452.0,0.0005009999999999999
2021-09-09 11:45:00,2.1e-05,0.295,-2.0,185.0,451.0,0.0005009999999999999
2021-09-09 11:46:01,2.1e-05,0.295,-2.0,185.0,451.0,0.0005009999999999999
2021-09-09 11:47:02,2.09e-05,0.294,-3.0,185.0,451.0,0.0005009999999999999
2021-09-09 11:48:02,2.09e-05,0.295,-2.0,185.0,450.0,0.0005009999999999999
2021-09-09 11:49:03,2.09e-05,0.294,-2.0,185.0,450.0,0.0005009999999999999
2021-09-09 11:50:04,2.1e-05,0.295,-2.0,185.0,450.0,0.0005009999999999999
2021-09-09 11:51:04,2.1e-05,0.295,-3.0,185.0,450.0,0.0005009999999999999
2021-09-09 11:52:05,2.09e-05,0.295,-2.0,185.0,449.0,0.0005009999999999999
2021-09-09 11:53:06,2.08e-05,0.295,-2.0,185.0,449.0,0.0005009999999999999
2021-09-09 11:54:06,2.09e-05,0.295,-2.0,185.0,449.0,0.0005009999999999999
2021-09-09 11:55:07,2.08e-05,0.295,-2.0,185.0,448.0,0.0005009999999999999
2021-09-09 11:56:08,2.08e-05,0.295,-3.0,185.0,449.0,0.0005009999999999999
2021-09-09 11:57:08,2.08e-05,0.294,-2.0,185.0,448.0,0.0005009999999999999
2021-09-09 11:58:09,2.08e-05,0.295,-2.0,185.0,448.0,0.0005009999999999999
2021-09-09 11:59:10,2.13e-05,0.295,-2.0,185.0,448.0,0.0005009999999999999
2021-09-09 12:00:11,2.08e-05,0.295,-2.0,185.0,447.0,0.0005009999999999999
2021-09-09 12:01:11,2.08e-05,0.295,-3.0,185.0,447.0,0.0005009999999999999
2021-09-09 12:02:12,2.08e-05,0.295,-2.0,185.0,447.0,0.0005009999999999999
2021-09-09 12:03:13,2.08e-05,0.295,-2.0,185.0,446.0,0.0005009999999999999
2021-09-09 12:04:13,2.08e-05,0.295,-2.0,185.0,446.0,0.0005009999999999999
2021-09-09 12:05:14,2.07e-05,0.295,-3.0,185.0,446.0,0.0005009999999999999
2021-09-09 12:06:15,2.08e-05,0.295,-2.0,185.0,446.0,0.0005009999999999999
2021-09-09 12:07:15,2.07e-05,0.295,-2.0,185.0,445.0,0.0005009999999999999
2021-09-09 12:08:16,2.07e-05,0.295,-2.0,185.0,445.0,0.0005009999999999999
2021-09-09 12:09:17,2.07e-05,0.295,-3.0,185.0,445.0,0.0005009999999999999
2021-09-09 12:10:17,2.08e-05,0.295,-3.0,185.0,444.0,0.0005009999999999999
2021-09-09 12:11:18,2.07e-05,0.29600000000000004,-3.0,185.0,445.0,0.0005009999999999999
2021-09-09 12:12:19,2.08e-05,0.295,-2.0,185.0,445.0,0.0005009999999999999
2021-09-09 12:13:20,2.37e-05,0.295,-2.0,185.0,444.0,0.0005009999999999999
2021-09-09 12:14:20,2.08e-05,0.295,-2.0,185.0,444.0,0.0005009999999999999
2021-09-09 12:15:21,2.07e-05,0.295,-2.0,185.0,444.0,0.0005009999999999999
2021-09-09 12:16:22,2.07e-05,0.295,-2.0,185.0,444.0,0.0005009999999999999
2021-09-09 12:17:22,2.07e-05,0.29600000000000004,-3.0,185.0,442.0,0.0005009999999999999
2021-09-09 12:18:23,2.0600000000000003e-05,0.29600000000000004,-2.0,185.0,442.0,0.0005009999999999999
2021-09-09 12:19:24,2.07e-05,0.295,-2.0,185.0,442.0,0.0005009999999999999
2021-09-09 12:20:24,2.0600000000000003e-05,0.29600000000000004,-3.0,185.0,442.0,0.0005009999999999999
2021-09-09 12:21:25,2.0600000000000003e-05,0.295,-2.0,185.0,442.0,0.0005009999999999999
2021-09-09 12:22:26,2.0600000000000003e-05,0.29600000000000004,-3.0,185.0,442.0,0.0005009999999999999
2021-09-09 12:23:26,2.05e-05,0.29600000000000004,-2.0,185.0,441.0,0.0005009999999999999
2021-09-09 12:24:27,2.05e-05,0.29600000000000004,-2.0,185.0,441.0,0.0005009999999999999
2021-09-09 12:25:28,2.0399999999999998e-05,0.29600000000000004,-3.0,185.0,440.0,0.0005009999999999999
2021-09-09 12:26:28,2.0399999999999998e-05,0.29600000000000004,-2.0,185.0,441.0,0.0005009999999999999
2021-09-09 12:27:29,2.0399999999999998e-05,0.29600000000000004,-2.0,185.0,441.0,0.0005009999999999999
2021-09-09 12:28:30,2.0399999999999998e-05,0.29600000000000004,-2.0,185.0,440.0,0.0005009999999999999
2021-09-09 12:29:31,2.0300000000000002e-05,0.29600000000000004,-2.0,185.0,439.0,0.0005009999999999999
2021-09-09 12:30:31,2.0300000000000002e-05,0.29600000000000004,-2.0,185.0,439.0,0.0005009999999999999
2021-09-09 12:31:32,2.0300000000000002e-05,0.29600000000000004,-2.0,185.0,439.0,0.0005009999999999999
2021-09-09 12:32:33,2.01e-05,0.29600000000000004,-2.0,185.0,439.0,0.0005009999999999999
2021-09-09 12:33:34,2.01e-05,0.29600000000000004,-3.0,185.0,438.0,0.0005009999999999999
2021-09-09 12:34:34,2e-05,0.29600000000000004,-2.0,185.0,438.0,0.0005009999999999999
2021-09-09 12:35:35,1.99e-05,0.29600000000000004,-2.0,185.0,438.0,0.0005009999999999999
2021-09-09 12:36:35,1.9699999999999998e-05,0.29600000000000004,-2.0,185.0,437.0,0.0005009999999999999
2021-09-09 12:37:36,1.9600000000000002e-05,0.29600000000000004,-2.0,185.0,436.0,0.0005009999999999999
2021-09-09 12:38:37,1.9600000000000002e-05,0.29600000000000004,-2.0,185.0,436.0,0.0005009999999999999
2021-09-09 12:39:38,1.95e-05,0.29600000000000004,-2.0,185.0,437.0,0.0005009999999999999
2021-09-09 12:40:38,4.77e-05,0.297,-2.0,185.0,436.0,0.0005009999999999999
2021-09-09 12:41:39,5.3400000000000004e-05,0.29600000000000004,-2.0,185.0,436.0,0.0005009999999999999
2021-09-09 12:42:40,5.6999999999999996e-05,0.29600000000000004,-2.0,185.0,435.0,0.0005009999999999999
2021-09-09 12:43:40,6.02e-05,0.29600000000000004,-2.0,185.0,436.0,0.0005009999999999999
2021-09-09 12:44:41,6.26e-05,0.29600000000000004,-2.0,185.0,436.0,0.0005009999999999999
2021-09-09 12:45:42,6.48e-05,0.29600000000000004,-2.0,185.0,435.0,0.0005009999999999999
2021-09-09 12:46:42,6.68e-05,0.29600000000000004,-2.0,185.0,435.0,0.0005009999999999999
2021-09-09 12:47:43,6.879999999999999e-05,0.29600000000000004,-2.0,185.0,434.0,0.00053
2021-09-09 12:48:44,7.06e-05,0.29600000000000004,-2.0,185.0,434.0,0.0006349999999999999
2021-09-09 12:49:45,7.25e-05,0.29600000000000004,-2.0,185.0,433.0,0.000665
2021-09-09 12:50:45,7.41e-05,0.29600000000000004,-2.0,185.0,434.0,0.000763
2021-09-09 12:51:46,7.54e-05,0.29600000000000004,-2.0,185.0,434.0,0.0008230000000000001
2021-09-09 12:52:47,7.670000000000001e-05,0.29600000000000004,-2.0,185.0,433.0,0.000892
2021-09-09 12:53:47,7.79e-05,0.29600000000000004,-2.0,185.0,433.0,0.000998
2021-09-09 12:54:48,7.890000000000001e-05,0.29600000000000004,-2.0,185.0,432.0,0.0010400000000000001
2021-09-09 12:55:49,8.06e-05,0.29600000000000004,-2.0,185.0,432.0,0.00117
2021-09-09 12:56:49,8.2e-05,0.29600000000000004,-2.0,185.0,432.0,0.0012
2021-09-09 12:57:50,8.44e-05,0.29600000000000004,-2.0,185.0,432.0,0.00133
2021-09-09 12:58:51,8.7e-05,0.29600000000000004,-2.0,185.0,432.0,0.00137
2021-09-09 12:59:52,8.87e-05,0.29600000000000004,-2.0,185.0,431.0,0.00151
2021-09-09 13:00:52,9.03e-05,0.29600000000000004,-2.0,185.0,431.0,0.00156
2021-09-09 13:01:53,9.120000000000001e-05,0.29600000000000004,-2.0,185.0,430.0,0.0017
2021-09-09 13:02:53,9.17e-05,0.29600000000000004,-2.0,185.0,430.0,0.00176
2021-09-09 13:03:54,9.209999999999999e-05,0.29600000000000004,-2.0,185.0,430.0,0.0018899999999999998
2021-09-09 13:04:55,9.22e-05,0.295,-2.0,185.0,430.0,0.00196
2021-09-09 13:05:55,9.259999999999999e-05,0.29600000000000004,-2.0,185.0,430.0,0.00207
2021-09-09 13:06:56,9.279999999999999e-05,0.29600000000000004,-2.0,185.0,429.0,0.0021899999999999997
2021-09-09 13:07:57,9.259999999999999e-05,0.295,-2.0,185.0,429.0,0.0022600000000000003
2021-09-09 13:08:58,9.279999999999999e-05,0.29600000000000004,-2.0,185.0,428.0,0.0024
2021-09-09 13:09:58,9.27e-05,0.295,-3.0,185.0,428.0,0.00248
2021-09-09 13:10:59,9.23e-05,0.295,-2.0,185.0,429.0,0.0026
2021-09-09 13:12:00,9.17e-05,0.295,-2.0,185.0,428.0,0.0027300000000000002
2021-09-09 13:13:00,9.14e-05,0.295,-2.0,185.0,428.0,0.00281
2021-09-09 13:14:01,9.1e-05,0.295,-2.0,185.0,428.0,0.00297
2021-09-09 13:15:02,9.03e-05,0.295,-2.0,185.0,427.0,0.00309
2021-09-09 13:16:03,8.99e-05,0.295,-2.0,185.0,428.0,0.00318
2021-09-09 13:17:03,8.92e-05,0.295,-2.0,185.0,427.0,0.0033399999999999997
2021-09-09 13:18:04,8.87e-05,0.295,-2.0,185.0,427.0,0.0034799999999999996
2021-09-09 13:19:05,8.77e-05,0.295,-2.0,185.0,426.0,0.0035700000000000003
2021-09-09 13:20:05,8.690000000000001e-05,0.295,-2.0,185.0,426.0,0.00375
2021-09-09 13:21:06,8.63e-05,0.295,-2.0,185.0,426.0,0.0039
2021-09-09 13:22:07,8.53e-05,0.295,-3.0,185.0,426.0,0.0039700000000000004
2021-09-09 13:23:07,8.48e-05,0.295,-2.0,185.0,426.0,0.0041
2021-09-09 13:24:08,8.379999999999999e-05,0.295,-2.0,185.0,424.0,0.004220000000000001
2021-09-09 13:25:09,8.28e-05,0.295,-2.0,185.0,425.0,0.00434
2021-09-09 13:26:09,8.2e-05,0.295,-3.0,185.0,425.0,0.004529999999999999
2021-09-09 13:27:10,8.1e-05,0.295,-2.0,185.0,424.0,0.00471
2021-09-09 13:28:10,8e-05,0.294,-2.0,185.0,424.0,0.00484
2021-09-09 13:29:11,7.879999999999999e-05,0.295,-2.0,185.0,424.0,0.00498
2021-09-09 13:30:12,7.8e-05,0.295,-2.0,185.0,424.0,0.00517
2021-09-09 13:31:13,7.69e-05,0.294,-2.0,185.0,424.0,0.00536
2021-09-09 13:32:13,7.6e-05,0.295,-2.0,185.0,424.0,0.00554
2021-09-09 13:33:14,7.5e-05,0.294,-3.0,185.0,423.0,0.0057
2021-09-09 13:34:15,7.4e-05,0.294,-2.0,185.0,423.0,0.00586
2021-09-09 13:35:15,7.28e-05,0.294,-2.0,185.0,422.0,0.00603
2021-09-09 13:36:16,7.18e-05,0.294,-3.0,185.0,422.0,0.006229999999999999
2021-09-09 13:37:16,7.049999999999999e-05,0.294,-2.0,185.0,422.0,0.00643
2021-09-09 13:38:17,6.929999999999999e-05,0.294,-2.0,185.0,422.0,0.006640000000000001
2021-09-09 13:39:18,6.829999999999999e-05,0.294,-2.0,185.0,421.0,0.00683
2021-09-09 13:40:19,6.7e-05,0.294,-2.0,185.0,421.0,0.00701
2021-09-09 13:41:19,6.579999999999999e-05,0.294,-2.0,185.0,421.0,0.00718
2021-09-09 13:42:20,6.459999999999998e-05,0.294,-2.0,185.0,420.0,0.007379999999999999
2021-09-09 13:43:21,6.37e-05,0.294,-2.0,185.0,420.0,0.00758
2021-09-09 13:44:21,6.25e-05,0.293,-2.0,185.0,420.0,0.00778
2021-09-09 13:45:22,6.14e-05,0.293,-2.0,185.0,420.0,0.00799
2021-09-09 13:46:23,6.0299999999999995e-05,0.294,-3.0,185.0,420.0,0.0082
2021-09-09 13:47:23,5.9e-05,0.293,-2.0,185.0,419.0,0.008409999999999999
2021-09-09 13:48:24,5.79e-05,0.293,-3.0,185.0,419.0,0.00863
2021-09-09 13:49:25,5.68e-05,0.293,-2.0,185.0,419.0,0.00882
2021-09-09 13:50:25,5.5799999999999994e-05,0.293,-2.0,185.0,419.0,0.00903
2021-09-09 13:51:26,5.47e-05,0.293,-2.0,185.0,418.0,0.00925
2021-09-09 13:52:27,5.3400000000000004e-05,0.293,-2.0,185.0,418.0,0.00946
2021-09-09 13:53:27,5.24e-05,0.293,-3.0,185.0,418.0,0.00969
2021-09-09 13:54:28,5.13e-05,0.293,-3.0,185.0,418.0,0.009890000000000001
2021-09-09 13:55:29,5.01e-05,0.293,-3.0,185.0,417.0,0.0101
2021-09-09 13:56:29,4.8899999999999996e-05,0.293,-2.0,185.0,416.0,0.0103
2021-09-09 13:57:30,4.79e-05,0.293,-3.0,185.0,417.0,0.0106
2021-09-09 13:58:31,4.6899999999999995e-05,0.293,-2.0,185.0,416.0,0.0108
2021-09-09 13:59:31,4.59e-05,0.293,-3.0,185.0,416.0,0.011
2021-09-09 14:00:32,4.48e-05,0.292,-3.0,185.0,416.0,0.0112
2021-09-09 14:01:33,4.3799999999999994e-05,0.293,-3.0,185.0,415.0,0.0114
2021-09-09 14:02:34,4.28e-05,0.293,-3.0,185.0,416.0,0.0117
2021-09-09 14:03:34,4.1899999999999995e-05,0.292,-3.0,185.0,415.0,0.0119
2021-09-09 14:04:35,4.07e-05,0.292,-3.0,185.0,415.0,0.0121
2021-09-09 14:05:36,4e-05,0.292,-3.0,185.0,415.0,0.0124
2021-09-09 14:06:36,3.91e-05,0.292,-3.0,185.0,414.0,0.0126
2021-09-09 14:07:37,3.81e-05,0.29100000000000004,-3.0,185.0,414.0,0.0129
2021-09-09 14:08:37,3.73e-05,0.292,-3.0,185.0,414.0,0.0132
2021-09-09 14:09:38,3.65e-05,0.29100000000000004,-3.0,185.0,413.0,0.0134
2021-09-09 14:10:39,3.5600000000000005e-05,0.29100000000000004,-3.0,185.0,412.0,0.0137
2021-09-09 14:11:40,3.4899999999999995e-05,0.292,-3.0,185.0,413.0,0.0139
2021-09-09 14:12:41,3.41e-05,0.292,-3.0,185.0,413.0,0.0142
2021-09-09 14:13:41,3.34e-05,0.29100000000000004,-3.0,185.0,412.0,0.0145
2021-09-09 14:14:42,3.27e-05,0.29100000000000004,-3.0,185.0,413.0,0.0147
2021-09-09 14:15:43,3.19e-05,0.29100000000000004,-3.0,185.0,411.0,0.015
2021-09-09 14:16:43,3.12e-05,0.29100000000000004,-3.0,185.0,411.0,0.0152
2021-09-09 14:17:44,3.05e-05,0.292,-3.0,185.0,411.0,0.0155
2021-09-09 14:18:45,2.99e-05,0.29100000000000004,-3.0,185.0,411.0,0.0158
2021-09-09 14:19:46,2.94e-05,0.29100000000000004,-3.0,185.0,411.0,0.016
2021-09-09 14:20:46,2.8800000000000002e-05,0.29100000000000004,-3.0,185.0,410.0,0.0163
2021-09-09 14:21:47,2.8100000000000002e-05,0.29100000000000004,-3.0,185.0,410.0,0.0166
2021-09-09 14:22:48,2.7600000000000003e-05,0.29100000000000004,-3.0,185.0,409.0,0.0169
2021-09-09 14:23:48,2.71e-05,0.29100000000000004,-3.0,185.0,409.0,0.0171
2021-09-09 14:24:49,2.65e-05,0.29100000000000004,-3.0,185.0,409.0,0.0174
2021-09-09 14:25:50,2.61e-05,0.29100000000000004,-3.0,185.0,409.0,0.0177
2021-09-09 14:26:50,2.7399999999999995e-05,0.29100000000000004,-3.0,185.0,409.0,0.018
2021-09-09 14:27:51,2.7000000000000002e-05,0.29100000000000004,-3.0,185.0,408.0,0.0182
2021-09-09 14:28:52,2.65e-05,0.29100000000000004,-3.0,185.0,408.0,0.0184
2021-09-09 14:29:53,2.6000000000000002e-05,0.29100000000000004,-3.0,185.0,408.0,0.0187
2021-09-09 14:30:53,2.56e-05,0.29100000000000004,-3.0,185.0,408.0,0.019
2021-09-09 14:31:54,2.52e-05,0.29100000000000004,-3.0,185.0,408.0,0.0193
2021-09-09 14:32:55,2.48e-05,0.29,-3.0,185.0,407.0,0.0196
2021-09-09 14:33:55,2.45e-05,0.29,-3.0,185.0,407.0,0.0199
2021-09-09 14:34:56,2.4100000000000003e-05,0.29100000000000004,-3.0,185.0,406.0,0.0202
2021-09-09 14:35:57,2.3800000000000003e-05,0.29,-3.0,185.0,407.0,0.0204
2021-09-09 14:36:58,2.35e-05,0.29100000000000004,-3.0,185.0,406.0,0.0207
2021-09-09 14:37:58,2.3199999999999998e-05,0.29100000000000004,-3.0,185.0,407.0,0.021
2021-09-09 14:38:59,2.2899999999999998e-05,0.29100000000000004,-3.0,185.0,406.0,0.0213
2021-09-09 14:40:00,2.27e-05,0.29100000000000004,-3.0,185.0,406.0,0.0217
2021-09-09 14:41:00,2.25e-05,0.29,-3.0,185.0,406.0,0.022
2021-09-09 14:42:01,2.23e-05,0.29,-3.0,185.0,406.0,0.0223
2021-09-09 14:43:02,2.2100000000000002e-05,0.29100000000000004,-4.0,185.0,405.0,0.0226
2021-09-09 14:44:03,2.1899999999999997e-05,0.29,-3.0,185.0,405.0,0.0229
2021-09-09 14:45:03,2.18e-05,0.29,-3.0,185.0,406.0,0.0232
2021-09-09 14:46:04,2.1600000000000003e-05,0.29,-3.0,185.0,405.0,0.0236
2021-09-09 14:47:05,2.15e-05,0.29,-3.0,185.0,405.0,0.0239
2021-09-09 14:48:05,2.13e-05,0.29100000000000004,-3.0,185.0,405.0,0.0242
2021-09-09 14:49:06,2.12e-05,0.29,-3.0,185.0,405.0,0.0245
2021-09-09 14:50:07,2.11e-05,0.29,-3.0,185.0,404.0,0.0249
2021-09-09 14:51:08,2.09e-05,0.29,-3.0,185.0,404.0,0.0252
2021-09-09 14:52:08,2.08e-05,0.29,-3.0,185.0,404.0,0.0255
2021-09-09 14:53:09,2.07e-05,0.29,-3.0,185.0,403.0,0.0259
2021-09-09 14:54:10,2.0600000000000003e-05,0.29,-3.0,185.0,403.0,0.0262
2021-09-09 14:55:10,2.05e-05,0.29,-3.0,186.0,403.0,0.0266
2021-09-09 14:56:11,2.0399999999999998e-05,0.29,-3.0,185.0,403.0,0.0269
2021-09-09 14:57:12,2.0300000000000002e-05,0.29,-3.0,185.0,403.0,0.0273
2021-09-09 14:58:12,2.0300000000000002e-05,0.29100000000000004,-3.0,185.0,402.0,0.0277
2021-09-09 14:59:13,2.02e-05,0.29,-3.0,185.0,402.0,0.028
2021-09-09 15:00:14,2.02e-05,0.29100000000000004,-3.0,186.0,402.0,0.0284
2021-09-09 15:01:15,2.02e-05,0.29,-3.0,186.0,402.0,0.0287
2021-09-09 15:02:15,2.01e-05,0.29,-3.0,186.0,402.0,0.029
2021-09-09 15:03:16,2e-05,0.29100000000000004,-3.0,185.0,402.0,0.0292
2021-09-09 15:04:16,2e-05,0.29,-3.0,186.0,401.0,0.0296
2021-09-09 15:05:17,1.99e-05,0.29100000000000004,-3.0,185.0,400.0,0.0299
2021-09-09 15:06:18,2e-05,0.29100000000000004,-3.0,186.0,400.0,0.0303
2021-09-09 15:07:19,1.99e-05,0.29,-3.0,186.0,400.0,0.0307
2021-09-09 15:08:19,1.99e-05,0.29100000000000004,-4.0,185.0,400.0,0.031
2021-09-09 15:09:20,1.99e-05,0.29,-3.0,186.0,399.0,0.0314
2021-09-09 15:10:21,1.98e-05,0.29,-3.0,186.0,400.0,0.0317
2021-09-09 15:11:22,1.98e-05,0.29100000000000004,-3.0,186.0,399.0,0.032
2021-09-09 15:12:22,1.98e-05,0.29100000000000004,-3.0,185.0,399.0,0.0324
2021-09-09 15:13:23,1.98e-05,0.29100000000000004,-3.0,185.0,399.0,0.0328
2021-09-09 15:14:24,1.98e-05,0.29100000000000004,-3.0,186.0,398.0,0.0332
2021-09-09 15:15:24,1.98e-05,0.29,-4.0,185.0,398.0,0.0335
2021-09-09 15:16:25,1.9699999999999998e-05,0.29100000000000004,-3.0,185.0,398.0,0.0339
2021-09-09 15:17:26,1.9699999999999998e-05,0.29100000000000004,-4.0,186.0,398.0,0.0342
2021-09-09 15:18:27,1.9699999999999998e-05,0.29100000000000004,-4.0,186.0,398.0,0.0347
2021-09-09 15:19:27,1.9699999999999998e-05,0.29100000000000004,-3.0,186.0,397.0,0.035
2021-09-09 15:20:28,1.9699999999999998e-05,0.29,-4.0,186.0,397.0,0.0354
2021-09-09 15:21:29,1.9699999999999998e-05,0.29100000000000004,-3.0,186.0,397.0,0.0358
2021-09-09 15:22:29,1.9699999999999998e-05,0.29,-3.0,186.0,396.0,0.0362
2021-09-09 15:23:30,1.9699999999999998e-05,0.29100000000000004,-3.0,186.0,397.0,0.0367
2021-09-09 15:24:31,1.9699999999999998e-05,0.29,-3.0,186.0,396.0,0.0371
2021-09-09 15:25:31,1.9699999999999998e-05,0.29100000000000004,-4.0,186.0,396.0,0.0375
2021-09-09 15:26:32,1.9600000000000002e-05,0.29100000000000004,-3.0,186.0,396.0,0.0379
2021-09-09 15:27:33,1.9600000000000002e-05,0.29100000000000004,-4.0,185.0,396.0,0.0383
2021-09-09 15:28:34,1.9600000000000002e-05,0.29,-3.0,186.0,396.0,0.0387
2021-09-09 15:29:34,1.9699999999999998e-05,0.29,-4.0,186.0,396.0,0.0391
2021-09-09 15:30:35,1.9699999999999998e-05,0.29100000000000004,-3.0,186.0,395.0,0.0396
2021-09-09 15:31:35,1.9699999999999998e-05,0.29,-4.0,186.0,395.0,0.04
2021-09-09 15:32:36,1.9600000000000002e-05,0.29100000000000004,-4.0,186.0,395.0,0.0404
2021-09-09 15:33:37,1.9699999999999998e-05,0.29100000000000004,-3.0,186.0,395.0,0.0408
2021-09-09 15:34:37,1.9600000000000002e-05,0.29100000000000004,-4.0,186.0,394.0,0.0412
2021-09-09 15:35:38,1.9600000000000002e-05,0.29100000000000004,-4.0,186.0,394.0,0.0416
2021-09-09 15:36:39,1.9699999999999998e-05,0.29100000000000004,-4.0,186.0,394.0,0.0419
2021-09-09 15:37:40,1.9699999999999998e-05,0.29,-3.0,186.0,394.0,0.0423
2021-09-09 15:38:40,1.9699999999999998e-05,0.29100000000000004,-4.0,186.0,393.0,0.0426
2021-09-09 15:39:41,1.9699999999999998e-05,0.29,-4.0,186.0,393.0,0.0431
2021-09-09 15:40:42,1.9699999999999998e-05,0.29,-4.0,186.0,393.0,0.0435
2021-09-09 15:41:43,1.9600000000000002e-05,0.29100000000000004,-4.0,186.0,393.0,0.044
2021-09-09 15:42:43,1.9699999999999998e-05,0.29100000000000004,-4.0,186.0,393.0,0.0444
2021-09-09 15:43:44,1.9699999999999998e-05,0.29100000000000004,-4.0,186.0,393.0,0.0448
2021-09-09 15:44:45,1.9699999999999998e-05,0.29,-4.0,186.0,392.0,0.0452
2021-09-09 15:45:46,1.9699999999999998e-05,0.29100000000000004,-4.0,186.0,392.0,0.0457
2021-09-09 15:46:47,1.9600000000000002e-05,0.29,-4.0,186.0,391.0,0.0461
2021-09-09 15:47:47,1.9699999999999998e-05,0.29100000000000004,-4.0,186.0,392.0,0.0464
2021-09-09 15:48:48,1.9699999999999998e-05,0.29100000000000004,-3.0,186.0,391.0,0.0468
2021-09-09 15:49:48,1.9600000000000002e-05,0.29100000000000004,-3.0,186.0,391.0,0.0472
2021-09-09 15:50:49,1.9699999999999998e-05,0.29100000000000004,-4.0,186.0,391.0,0.0476
2021-09-09 15:51:50,1.9600000000000002e-05,0.29100000000000004,-4.0,186.0,390.0,0.048
2021-09-09 15:52:51,1.9699999999999998e-05,0.29100000000000004,-4.0,186.0,391.0,0.0485
2021-09-09 15:53:52,1.9600000000000002e-05,0.29100000000000004,-4.0,186.0,390.0,0.0488
2021-09-09 15:54:52,1.9600000000000002e-05,0.29100000000000004,-3.0,186.0,390.0,0.0492
2021-09-09 15:55:53,1.9600000000000002e-05,0.29100000000000004,-4.0,186.0,389.0,0.0498
2021-09-09 15:56:53,1.9600000000000002e-05,0.29100000000000004,-4.0,186.0,389.0,0.0501
2021-09-09 15:57:54,1.9600000000000002e-05,0.29100000000000004,-4.0,186.0,389.0,0.0506
2021-09-09 15:58:55,1.92e-05,0.29,-4.0,186.0,389.0,0.0509
2021-09-09 15:59:56,1.91e-05,0.29100000000000004,-4.0,186.0,389.0,0.0514
2021-09-09 16:00:56,1.9e-05,0.29100000000000004,-4.0,186.0,388.0,0.0519
2021-09-09 16:01:57,1.9e-05,0.29100000000000004,-4.0,186.0,388.0,0.0523
2021-09-09 16:02:58,1.89e-05,0.29100000000000004,-4.0,186.0,388.0,0.0528
2021-09-09 16:03:58,1.89e-05,0.29100000000000004,-4.0,186.0,388.0,0.0533
2021-09-09 16:04:59,1.89e-05,0.29,-3.0,186.0,388.0,0.0539
2021-09-09 16:06:00,1.89e-05,0.29100000000000004,-3.0,186.0,387.0,0.0543
2021-09-09 16:07:01,1.89e-05,0.29100000000000004,-4.0,186.0,387.0,0.0547
2021-09-09 16:08:01,1.89e-05,0.29100000000000004,-4.0,186.0,387.0,0.0551
2021-09-09 16:09:02,1.89e-05,0.29100000000000004,-4.0,186.0,387.0,0.0553
2021-09-09 16:10:03,1.89e-05,0.29100000000000004,-4.0,185.0,386.0,0.0557
2021-09-09 16:11:04,1.89e-05,0.29100000000000004,-4.0,186.0,387.0,0.0561
2021-09-09 16:12:05,1.88e-05,0.29100000000000004,-4.0,186.0,386.0,0.0565
2021-09-09 16:13:05,1.88e-05,0.29100000000000004,-4.0,186.0,386.0,0.057
2021-09-09 16:14:06,1.88e-05,0.29,-4.0,186.0,386.0,0.0574
2021-09-09 16:15:07,1.87e-05,0.29,-3.0,186.0,385.0,0.0577
2021-09-09 16:16:07,1.87e-05,0.29,-4.0,186.0,386.0,0.0581
2021-09-09 16:17:08,1.87e-05,0.29100000000000004,-4.0,186.0,385.0,0.0585
2021-09-09 16:18:09,1.87e-05,0.29100000000000004,-4.0,186.0,385.0,0.059
2021-09-09 16:19:09,1.87e-05,0.29100000000000004,-4.0,185.0,385.0,0.0595
2021-09-09 16:20:10,1.86e-05,0.29,-4.0,186.0,384.0,0.0599
2021-09-09 16:21:11,1.86e-05,0.29,-3.0,186.0,384.0,0.0604
2021-09-09 16:22:11,1.86e-05,0.29100000000000004,-4.0,186.0,384.0,0.0608
2021-09-09 16:23:12,1.86e-05,0.29,-4.0,186.0,384.0,0.0612
2021-09-09 16:24:13,1.85e-05,0.29100000000000004,-3.0,186.0,384.0,0.0615
2021-09-09 16:25:13,1.85e-05,0.29,-3.0,185.0,384.0,0.0619
2021-09-09 16:26:14,1.85e-05,0.29,-4.0,185.0,384.0,0.0623
2021-09-09 16:27:15,1.85e-05,0.29,-4.0,186.0,384.0,0.0628
2021-09-09 16:28:15,1.85e-05,0.29,-4.0,186.0,383.0,0.0632
2021-09-09 16:29:16,1.84e-05,0.29,-4.0,186.0,383.0,0.0637
2021-09-09 16:30:17,1.85e-05,0.29,-4.0,185.0,383.0,0.0641
2021-09-09 16:31:18,1.84e-05,0.29,-4.0,186.0,382.0,0.0644
2021-09-09 16:32:18,1.84e-05,0.289,-4.0,186.0,382.0,0.0649
2021-09-09 16:33:19,1.84e-05,0.29,-4.0,186.0,382.0,0.0652
2021-09-09 16:34:20,1.83e-05,0.29,-4.0,185.0,382.0,0.0656
2021-09-09 16:35:21,1.83e-05,0.289,-4.0,186.0,382.0,0.066
2021-09-09 16:36:21,1.83e-05,0.29,-4.0,186.0,382.0,0.0665
2021-09-09 16:37:22,1.83e-05,0.289,-4.0,185.0,381.0,0.0669
2021-09-09 16:38:23,1.82e-05,0.29,-4.0,186.0,381.0,0.0674
2021-09-09 16:39:24,1.82e-05,0.289,-4.0,186.0,381.0,0.0677
2021-09-09 16:40:24,1.82e-05,0.289,-4.0,186.0,381.0,0.068
2021-09-09 16:41:25,1.82e-05,0.289,-4.0,186.0,380.0,0.0684
2021-09-09 16:42:26,1.82e-05,0.289,-3.0,185.0,380.0,0.0688
2021-09-09 16:43:27,1.8100000000000003e-05,0.289,-4.0,186.0,380.0,0.0694
2021-09-09 16:44:27,1.8100000000000003e-05,0.289,-3.0,186.0,380.0,0.0697
2021-09-09 16:45:28,1.8100000000000003e-05,0.289,-4.0,186.0,380.0,0.0702
2021-09-09 16:46:29,1.8100000000000003e-05,0.289,-4.0,185.0,380.0,0.0703
2021-09-09 16:47:30,1.8100000000000003e-05,0.289,-4.0,186.0,380.0,0.0707
2021-09-09 16:48:30,1.8e-05,0.289,-4.0,185.0,379.0,0.071
2021-09-09 16:49:31,1.8e-05,0.289,-4.0,185.0,379.0,0.0715
2021-09-09 16:50:32,1.8e-05,0.289,-4.0,186.0,379.0,0.072
2021-09-09 16:51:32,1.8e-05,0.289,-4.0,186.0,379.0,0.0725
2021-09-09 16:52:33,1.7899999999999998e-05,0.289,-4.0,185.0,378.0,0.073
2021-09-09 16:53:33,1.7899999999999998e-05,0.289,-4.0,185.0,378.0,0.0733
2021-09-09 16:54:34,1.7899999999999998e-05,0.289,-4.0,186.0,378.0,0.0737
2021-09-09 16:55:35,1.7899999999999998e-05,0.289,-4.0,185.0,378.0,0.0742
2021-09-09 16:56:36,1.7899999999999998e-05,0.289,-4.0,185.0,377.0,0.0747
2021-09-09 16:57:36,1.7800000000000002e-05,0.289,-4.0,186.0,377.0,0.0752
2021-09-09 16:58:37,1.7800000000000002e-05,0.289,-4.0,186.0,377.0,0.0756
2021-09-09 16:59:38,1.7800000000000002e-05,0.289,-4.0,185.0,376.0,0.0761
2021-09-09 17:00:39,1.7800000000000002e-05,0.29,-4.0,186.0,377.0,0.0764
2021-09-09 17:01:39,1.7800000000000002e-05,0.289,-4.0,185.0,376.0,0.077
2021-09-09 17:02:40,1.7800000000000002e-05,0.289,-4.0,186.0,376.0,0.0775
2021-09-09 17:03:41,1.77e-05,0.289,-4.0,186.0,376.0,0.0781
2021-09-09 17:04:42,1.7800000000000002e-05,0.289,-4.0,186.0,376.0,0.0784
2021-09-09 17:05:42,1.77e-05,0.289,-4.0,186.0,376.0,0.0788
2021-09-09 17:06:43,1.77e-05,0.289,-4.0,186.0,375.0,0.0793
2021-09-09 17:07:43,1.77e-05,0.289,-4.0,186.0,375.0,0.0797
2021-09-09 17:08:44,1.77e-05,0.289,-4.0,186.0,375.0,0.0804
2021-09-09 17:09:45,1.77e-05,0.289,-4.0,186.0,375.0,0.0808
2021-09-09 17:10:46,1.77e-05,0.289,-4.0,186.0,375.0,0.0813
2021-09-09 17:11:46,1.77e-05,0.289,-3.0,186.0,374.0,0.0816
2021-09-09 17:12:47,1.77e-05,0.289,-4.0,186.0,374.0,0.0821
2021-09-09 17:13:48,1.77e-05,0.289,-4.0,186.0,374.0,0.0825
2021-09-09 17:14:49,1.77e-05,0.289,-4.0,186.0,374.0,0.083
2021-09-09 17:15:49,1.77e-05,0.289,-4.0,186.0,374.0,0.0838
2021-09-09 17:16:50,1.77e-05,0.289,-4.0,186.0,373.0,0.0841
2021-09-09 17:17:50,1.77e-05,0.289,-4.0,186.0,373.0,0.0844
2021-09-09 17:18:51,1.77e-05,0.289,-4.0,186.0,373.0,0.0848
2021-09-09 17:19:52,1.7899999999999998e-05,0.289,-4.0,186.0,372.0,0.0853
2021-09-09 17:20:52,1.7800000000000002e-05,0.289,-4.0,186.0,372.0,0.086
2021-09-09 17:21:53,1.7800000000000002e-05,0.289,-4.0,186.0,373.0,0.0865
2021-09-09 17:22:54,1.7800000000000002e-05,0.289,-4.0,186.0,372.0,0.087
2021-09-09 17:23:54,1.7800000000000002e-05,0.289,-4.0,186.0,372.0,0.0874
2021-09-09 17:24:55,1.77e-05,0.289,-4.0,186.0,372.0,0.0878
2021-09-09 17:25:56,1.77e-05,0.289,-4.0,186.0,372.0,0.0881
2021-09-09 17:26:57,1.76e-05,0.289,-4.0,186.0,371.0,0.0886
2021-09-09 17:27:57,1.76e-05,0.289,-4.0,186.0,371.0,0.0888
2021-09-09 17:28:58,1.75e-05,0.289,-4.0,186.0,371.0,0.0891
2021-09-09 17:29:59,1.75e-05,0.289,-4.0,186.0,371.0,0.0896
2021-09-09 17:30:59,1.75e-05,0.289,-4.0,186.0,371.0,0.0902
2021-09-09 17:32:00,1.75e-05,0.289,-4.0,186.0,371.0,0.0909
2021-09-09 17:33:01,1.75e-05,0.289,-4.0,186.0,370.0,0.0911
2021-09-09 17:34:01,1.75e-05,0.29,-4.0,186.0,370.0,0.0915
2021-09-09 17:35:02,1.75e-05,0.289,-4.0,186.0,370.0,0.0921
2021-09-09 17:36:03,1.75e-05,0.289,-4.0,186.0,369.0,0.0925
2021-09-09 17:37:04,1.75e-05,0.289,-4.0,186.0,370.0,0.0931
2021-09-09 17:38:04,1.75e-05,0.289,-4.0,186.0,369.0,0.0937
2021-09-09 17:39:05,1.75e-05,0.289,-4.0,186.0,369.0,0.0942
2021-09-09 17:40:06,1.75e-05,0.29,-4.0,186.0,369.0,0.0943
2021-09-09 17:41:06,1.75e-05,0.29,-4.0,186.0,369.0,0.0949
2021-09-09 17:42:07,1.75e-05,0.29,-4.0,186.0,369.0,0.0955
2021-09-09 17:43:08,1.75e-05,0.289,-4.0,186.0,369.0,0.0961
2021-09-09 17:44:08,1.75e-05,0.289,-4.0,186.0,369.0,0.0964
2021-09-09 17:45:09,1.75e-05,0.29,-4.0,186.0,368.0,0.097
2021-09-09 17:46:10,1.74e-05,0.29,-4.0,186.0,368.0,0.0974
2021-09-09 17:47:10,1.75e-05,0.29,-4.0,186.0,368.0,0.0976
2021-09-09 17:48:11,1.75e-05,0.29,-4.0,186.0,367.0,0.098
2021-09-09 17:49:12,1.74e-05,0.29,-4.0,186.0,368.0,0.0987
2021-09-09 17:50:12,1.74e-05,0.29,-4.0,186.0,367.0,0.0992
2021-09-09 17:51:13,1.74e-05,0.29,-4.0,186.0,367.0,0.0997
2021-09-09 17:52:14,1.74e-05,0.29,-4.0,186.0,367.0,0.1
2021-09-09 17:53:14,1.74e-05,0.29,-4.0,186.0,367.0,0.1
2021-09-09 17:54:15,1.74e-05,0.29,-4.0,186.0,366.0,0.10099999999999999
2021-09-09 17:55:16,1.74e-05,0.29100000000000004,-4.0,186.0,366.0,0.10099999999999999
2021-09-09 17:56:16,1.74e-05,0.29100000000000004,-4.0,186.0,367.0,0.102
2021-09-09 17:57:17,1.74e-05,0.29,-4.0,186.0,366.0,0.10300000000000001
2021-09-09 17:58:18,1.74e-05,0.29100000000000004,-4.0,186.0,366.0,0.10300000000000001
2021-09-09 17:59:18,1.74e-05,0.29100000000000004,-4.0,186.0,365.0,0.10400000000000001
2021-09-09 18:00:19,1.73e-05,0.29100000000000004,-4.0,186.0,365.0,0.10400000000000001
2021-09-09 18:01:20,1.73e-05,0.29,-4.0,186.0,365.0,0.105
2021-09-09 18:02:20,1.73e-05,0.29,-4.0,186.0,365.0,0.105
2021-09-09 18:03:21,1.7199999999999998e-05,0.29100000000000004,-4.0,186.0,365.0,0.106
2021-09-09 18:04:22,1.7199999999999998e-05,0.29,-4.0,186.0,365.0,0.106
2021-09-09 18:05:22,1.7199999999999998e-05,0.29,-4.0,186.0,364.0,0.107
2021-09-09 18:06:23,1.7199999999999998e-05,0.29100000000000004,-4.0,186.0,364.0,0.107
2021-09-09 18:07:24,1.7100000000000002e-05,0.29,-4.0,186.0,364.0,0.107
2021-09-09 18:08:24,1.7100000000000002e-05,0.29100000000000004,-4.0,186.0,364.0,0.10800000000000001
2021-09-09 18:09:25,1.7100000000000002e-05,0.29,-4.0,186.0,364.0,0.10800000000000001
2021-09-09 18:10:26,1.7100000000000002e-05,0.29100000000000004,-4.0,186.0,364.0,0.109
2021-09-09 18:11:26,1.7100000000000002e-05,0.29100000000000004,-4.0,186.0,364.0,0.11
2021-09-09 18:12:27,1.7100000000000002e-05,0.29,-4.0,186.0,364.0,0.11
2021-09-09 18:13:28,1.7e-05,0.29,-4.0,186.0,363.0,0.11
2021-09-09 18:14:28,1.7e-05,0.29100000000000004,-4.0,186.0,363.0,0.111
2021-09-09 18:15:29,1.7e-05,0.29100000000000004,-4.0,186.0,363.0,0.11199999999999999
2021-09-09 18:16:30,1.6899999999999997e-05,0.29,-4.0,186.0,362.0,0.11199999999999999
2021-09-09 18:17:30,1.6899999999999997e-05,0.29,-4.0,186.0,362.0,0.113
2021-09-09 18:18:31,1.6899999999999997e-05,0.29,-4.0,186.0,362.0,0.113
2021-09-09 18:19:32,1.6899999999999997e-05,0.29100000000000004,-4.0,186.0,362.0,0.114
2021-09-09 18:20:33,1.6800000000000002e-05,0.29,-4.0,186.0,362.0,0.114
2021-09-09 18:21:33,1.6800000000000002e-05,0.29,-4.0,186.0,362.0,0.115
2021-09-09 18:22:34,1.6800000000000002e-05,0.29100000000000004,-4.0,186.0,362.0,0.115
2021-09-09 18:23:35,1.67e-05,0.29100000000000004,-4.0,186.0,362.0,0.11599999999999999
2021-09-09 18:24:36,1.67e-05,0.29,-4.0,186.0,361.0,0.11599999999999999
2021-09-09 18:25:36,1.67e-05,0.29100000000000004,-4.0,186.0,361.0,0.11699999999999999
2021-09-09 18:26:37,1.66e-05,0.29100000000000004,-4.0,186.0,361.0,0.11699999999999999
2021-09-09 18:27:37,1.66e-05,0.29100000000000004,-4.0,186.0,361.0,0.11800000000000001
2021-09-09 18:28:38,1.65e-05,0.29100000000000004,-4.0,186.0,361.0,0.11800000000000001
2021-09-09 18:29:39,1.65e-05,0.29100000000000004,-4.0,186.0,360.0,0.11800000000000001
2021-09-09 18:30:39,1.65e-05,0.29100000000000004,-4.0,186.0,360.0,0.11900000000000001
2021-09-09 18:31:40,1.64e-05,0.29100000000000004,-4.0,186.0,361.0,0.12
2021-09-09 18:32:41,1.64e-05,0.29100000000000004,-4.0,186.0,360.0,0.121
2021-09-09 18:33:41,1.64e-05,0.29100000000000004,-4.0,186.0,360.0,0.121
2021-09-09 18:34:42,1.63e-05,0.29100000000000004,-4.0,186.0,360.0,0.121
2021-09-09 18:35:43,1.63e-05,0.29100000000000004,-4.0,186.0,359.0,0.122
2021-09-09 18:36:44,1.62e-05,0.29100000000000004,-4.0,186.0,359.0,0.12300000000000001
2021-09-09 18:37:44,1.62e-05,0.29100000000000004,-4.0,186.0,359.0,0.12300000000000001
2021-09-09 18:38:45,1.62e-05,0.29100000000000004,-4.0,186.0,359.0,0.124
2021-09-09 18:39:46,1.6100000000000002e-05,0.29100000000000004,-4.0,186.0,359.0,0.124
2021-09-09 18:40:47,1.6100000000000002e-05,0.292,-4.0,186.0,359.0,0.125
2021-09-09 18:41:47,1.6e-05,0.292,-4.0,186.0,358.0,0.125
2021-09-09 18:42:48,1.6e-05,0.29100000000000004,-4.0,186.0,358.0,0.126
2021-09-09 18:43:48,1.59e-05,0.29100000000000004,-4.0,186.0,358.0,0.126
2021-09-09 18:44:49,1.59e-05,0.29100000000000004,-4.0,186.0,358.0,0.127
2021-09-09 18:45:50,1.59e-05,0.29100000000000004,-4.0,186.0,358.0,0.127
2021-09-09 18:46:50,1.58e-05,0.29100000000000004,-4.0,186.0,357.0,0.128
2021-09-09 18:47:51,1.57e-05,0.29100000000000004,-4.0,186.0,357.0,0.128
2021-09-09 18:48:52,1.57e-05,0.292,-4.0,186.0,357.0,0.128
2021-09-09 18:49:52,1.57e-05,0.29100000000000004,-4.0,186.0,357.0,0.129
2021-09-09 18:50:53,1.56e-05,0.292,-4.0,186.0,357.0,0.129
2021-09-09 18:51:54,1.56e-05,0.29100000000000004,-4.0,186.0,357.0,0.129
2021-09-09 18:52:54,1.55e-05,0.29100000000000004,-4.0,186.0,356.0,0.13
2021-09-09 18:53:55,1.5399999999999998e-05,0.292,-4.0,186.0,356.0,0.131
2021-09-09 18:54:56,1.5399999999999998e-05,0.29100000000000004,-4.0,186.0,356.0,0.131
2021-09-09 18:55:57,1.53e-05,0.29100000000000004,-4.0,186.0,356.0,0.131
2021-09-09 18:56:57,1.53e-05,0.29100000000000004,-4.0,186.0,356.0,0.132
2021-09-09 18:57:58,1.53e-05,0.29100000000000004,-4.0,186.0,356.0,0.133
2021-09-09 18:58:59,1.52e-05,0.29100000000000004,-4.0,186.0,356.0,0.133
2021-09-09 19:00:00,1.52e-05,0.29100000000000004,-4.0,186.0,355.0,0.134
2021-09-09 19:01:00,1.51e-05,0.29100000000000004,-4.0,186.0,355.0,0.134
2021-09-09 19:02:01,1.51e-05,0.292,-4.0,186.0,355.0,0.135
2021-09-09 19:03:02,1.51e-05,0.292,-4.0,186.0,355.0,0.135
2021-09-09 19:04:03,1.4999999999999999e-05,0.292,-4.0,186.0,355.0,0.136
2021-09-09 19:05:04,1.4999999999999999e-05,0.292,-4.0,186.0,354.0,0.136
2021-09-09 19:06:04,1.49e-05,0.292,-4.0,186.0,355.0,0.13699999999999998
2021-09-09 19:07:05,1.49e-05,0.292,-4.0,186.0,354.0,0.138
2021-09-09 19:08:06,1.4800000000000002e-05,0.292,-4.0,186.0,354.0,0.138
2021-09-09 19:09:06,1.4800000000000002e-05,0.29100000000000004,-3.0,186.0,354.0,0.138
2021-09-09 19:10:07,1.47e-05,0.292,-4.0,186.0,354.0,0.139
2021-09-09 19:11:07,1.47e-05,0.292,-4.0,186.0,354.0,0.139
2021-09-09 19:12:08,1.47e-05,0.29100000000000004,-4.0,186.0,353.0,0.14
2021-09-09 19:13:09,1.47e-05,0.292,-4.0,186.0,354.0,0.14
2021-09-09 19:14:10,1.4599999999999999e-05,0.29100000000000004,-4.0,186.0,354.0,0.14
2021-09-09 19:15:10,1.4599999999999999e-05,0.292,-3.0,186.0,353.0,0.141
2021-09-09 19:16:11,1.4499999999999998e-05,0.292,-4.0,186.0,353.0,0.142
2021-09-09 19:17:11,1.4499999999999998e-05,0.292,-4.0,186.0,353.0,0.142
2021-09-09 19:18:12,1.4499999999999998e-05,0.292,-4.0,186.0,353.0,0.142
2021-09-09 19:19:13,1.4499999999999998e-05,0.292,-4.0,186.0,353.0,0.14300000000000002
2021-09-09 19:20:14,1.4400000000000001e-05,0.292,-4.0,186.0,353.0,0.14400000000000002
2021-09-09 19:21:14,1.4400000000000001e-05,0.292,-4.0,186.0,353.0,0.14400000000000002
2021-09-09 19:22:15,1.4400000000000001e-05,0.292,-4.0,186.0,352.0,0.145
2021-09-09 19:23:16,1.4400000000000001e-05,0.292,-4.0,186.0,352.0,0.145
2021-09-09 19:24:16,1.4300000000000002e-05,0.292,-4.0,186.0,352.0,0.146
2021-09-09 19:25:17,1.4300000000000002e-05,0.293,-4.0,186.0,352.0,0.147
2021-09-09 19:26:18,1.4300000000000002e-05,0.293,-4.0,186.0,352.0,0.147
2021-09-09 19:27:18,1.4300000000000002e-05,0.292,-4.0,186.0,352.0,0.14800000000000002
2021-09-09 19:28:19,1.4300000000000002e-05,0.293,-4.0,186.0,352.0,0.14800000000000002
2021-09-09 19:29:19,1.42e-05,0.293,-4.0,186.0,352.0,0.14800000000000002
2021-09-09 19:30:20,1.42e-05,0.292,-4.0,186.0,352.0,0.149
2021-09-09 19:31:20,1.42e-05,0.292,-4.0,186.0,351.0,0.15
2021-09-09 19:32:21,1.42e-05,0.293,-4.0,186.0,351.0,0.15
2021-09-09 19:33:22,1.42e-05,0.293,-4.0,186.0,351.0,0.15
2021-09-09 19:34:23,1.42e-05,0.292,-4.0,186.0,351.0,0.151
2021-09-09 19:35:23,1.42e-05,0.293,-4.0,186.0,350.0,0.152
2021-09-09 19:36:24,1.4099999999999999e-05,0.292,-4.0,186.0,350.0,0.152
2021-09-09 19:37:25,1.42e-05,0.293,-4.0,186.0,350.0,0.153
2021-09-09 19:38:25,1.4099999999999999e-05,0.293,-4.0,186.0,350.0,0.153
2021-09-09 19:39:26,1.4099999999999999e-05,0.292,-4.0,186.0,350.0,0.154
2021-09-09 19:40:27,1.4099999999999999e-05,0.292,-4.0,186.0,350.0,0.154
2021-09-09 19:41:27,1.4099999999999999e-05,0.293,-4.0,186.0,349.0,0.155
2021-09-09 19:42:28,1.4099999999999999e-05,0.292,-4.0,186.0,350.0,0.156
2021-09-09 19:43:29,1.4099999999999999e-05,0.292,-4.0,186.0,350.0,0.156
2021-09-09 19:44:30,1.4099999999999999e-05,0.293,-4.0,186.0,349.0,0.157
2021-09-09 19:45:30,1.4000000000000001e-05,0.292,-4.0,186.0,348.0,0.157
2021-09-09 19:46:31,1.4099999999999999e-05,0.293,-4.0,186.0,348.0,0.158
2021-09-09 19:47:32,1.4000000000000001e-05,0.293,-4.0,186.0,348.0,0.159
2021-09-09 19:48:32,1.4000000000000001e-05,0.292,-4.0,186.0,348.0,0.159
2021-09-09 19:49:33,1.4000000000000001e-05,0.292,-4.0,186.0,348.0,0.16
2021-09-09 19:50:33,1.4000000000000001e-05,0.292,-4.0,186.0,348.0,0.16
2021-09-09 19:51:34,1.4000000000000001e-05,0.293,-4.0,186.0,348.0,0.161
2021-09-09 19:52:35,1.4000000000000001e-05,0.293,-4.0,186.0,348.0,0.161
2021-09-09 19:53:36,1.4000000000000001e-05,0.293,-4.0,186.0,348.0,0.162
2021-09-09 19:54:37,1.4000000000000001e-05,0.292,-4.0,186.0,348.0,0.163
2021-09-09 19:55:38,1.4000000000000001e-05,0.293,-4.0,186.0,348.0,0.163
2021-09-09 19:56:38,1.4000000000000001e-05,0.293,-4.0,186.0,347.0,0.16399999999999998
2021-09-09 19:57:39,1.4000000000000001e-05,0.293,-4.0,186.0,347.0,0.165
2021-09-09 19:58:39,1.4000000000000001e-05,0.293,-4.0,186.0,347.0,0.165
2021-09-09 19:59:40,1.39e-05,0.292,-4.0,186.0,347.0,0.165
2021-09-09 20:00:41,1.39e-05,0.293,-4.0,186.0,347.0,0.166
2021-09-09 20:01:42,1.39e-05,0.292,-4.0,186.0,346.0,0.166
2021-09-09 20:02:42,1.39e-05,0.293,-4.0,186.0,346.0,0.16699999999999998
2021-09-09 20:03:43,1.39e-05,0.293,-4.0,186.0,346.0,0.16699999999999998
2021-09-09 20:04:44,1.39e-05,0.292,-4.0,186.0,346.0,0.168
2021-09-09 20:05:44,1.39e-05,0.292,-4.0,186.0,346.0,0.168
2021-09-09 20:06:45,1.39e-05,0.292,-4.0,186.0,346.0,0.16899999999999998
2021-09-09 20:07:46,1.39e-05,0.293,-4.0,186.0,346.0,0.16899999999999998
2021-09-09 20:08:47,1.3800000000000002e-05,0.292,-4.0,186.0,345.0,0.17
2021-09-09 20:09:47,1.3800000000000002e-05,0.293,-4.0,186.0,346.0,0.17
2021-09-09 20:10:48,1.3800000000000002e-05,0.293,-4.0,186.0,345.0,0.171
2021-09-09 20:11:48,1.3800000000000002e-05,0.293,-4.0,186.0,345.0,0.172
2021-09-09 20:12:49,1.3800000000000002e-05,0.293,-4.0,186.0,345.0,0.172
2021-09-09 20:13:50,1.3800000000000002e-05,0.293,-4.0,186.0,345.0,0.172
2021-09-09 20:14:51,1.3800000000000002e-05,0.292,-4.0,186.0,344.0,0.17300000000000001
2021-09-09 20:15:51,1.3800000000000002e-05,0.292,-4.0,186.0,344.0,0.17300000000000001
2021-09-09 20:16:52,1.3800000000000002e-05,0.292,-4.0,186.0,344.0,0.17300000000000001
2021-09-09 20:17:53,1.3800000000000002e-05,0.292,-4.0,186.0,344.0,0.17300000000000001
2021-09-09 20:18:54,1.39e-05,0.293,-4.0,186.0,344.0,0.175
2021-09-09 20:19:54,1.39e-05,0.293,-4.0,186.0,344.0,0.175
2021-09-09 20:20:55,1.3800000000000002e-05,0.292,-4.0,186.0,343.0,0.175
2021-09-09 20:21:56,1.3800000000000002e-05,0.293,-4.0,186.0,343.0,0.17600000000000002
2021-09-09 20:22:57,1.3699999999999998e-05,0.293,-4.0,186.0,344.0,0.177
2021-09-09 20:23:57,1.3699999999999998e-05,0.293,-4.0,186.0,343.0,0.177
2021-09-09 20:24:58,1.3699999999999998e-05,0.293,-4.0,186.0,343.0,0.17800000000000002
2021-09-09 20:25:58,1.3699999999999998e-05,0.293,-4.0,186.0,343.0,0.17800000000000002
2021-09-09 20:26:59,1.36e-05,0.292,-4.0,186.0,342.0,0.17800000000000002
2021-09-09 20:28:00,1.36e-05,0.293,-4.0,186.0,342.0,0.179
2021-09-09 20:29:00,1.36e-05,0.293,-4.0,186.0,343.0,0.179
2021-09-09 20:30:01,1.36e-05,0.293,-4.0,186.0,342.0,0.18
2021-09-09 20:31:02,1.36e-05,0.293,-4.0,186.0,342.0,0.18
2021-09-09 20:32:03,1.36e-05,0.293,-4.0,186.0,342.0,0.18100000000000002
2021-09-09 20:33:03,1.36e-05,0.293,-4.0,186.0,341.0,0.18100000000000002
2021-09-09 20:34:04,1.36e-05,0.292,-4.0,186.0,341.0,0.182
2021-09-09 20:35:04,1.36e-05,0.293,-4.0,186.0,341.0,0.182
2021-09-09 20:36:05,1.3500000000000001e-05,0.292,-4.0,186.0,341.0,0.183
2021-09-09 20:37:06,1.36e-05,0.293,-4.0,186.0,341.0,0.184
2021-09-09 20:38:06,1.3500000000000001e-05,0.292,-4.0,186.0,341.0,0.184
2021-09-09 20:39:07,1.3500000000000001e-05,0.293,-4.0,186.0,340.0,0.184
2021-09-09 20:40:08,1.3500000000000001e-05,0.293,-4.0,186.0,340.0,0.185
2021-09-09 20:41:08,1.3500000000000001e-05,0.293,-4.0,186.0,340.0,0.185
2021-09-09 20:42:09,1.3500000000000001e-05,0.292,-4.0,186.0,340.0,0.18600000000000003
2021-09-09 20:43:10,1.3500000000000001e-05,0.293,-4.0,186.0,340.0,0.18600000000000003
2021-09-09 20:44:10,1.3500000000000001e-05,0.292,-4.0,186.0,339.0,0.187
2021-09-09 20:45:11,1.3500000000000001e-05,0.293,-4.0,186.0,339.0,0.187
2021-09-09 20:46:12,1.3500000000000001e-05,0.293,-4.0,186.0,339.0,0.188
2021-09-09 20:47:12,1.3500000000000001e-05,0.293,-4.0,186.0,339.0,0.188
2021-09-09 20:48:13,1.34e-05,0.293,-4.0,186.0,339.0,0.18899999999999997
2021-09-09 20:49:14,1.34e-05,0.293,-4.0,186.0,339.0,0.18899999999999997
2021-09-09 20:50:15,1.34e-05,0.292,-4.0,186.0,339.0,0.19
2021-09-09 20:51:15,1.34e-05,0.293,-4.0,186.0,338.0,0.19
2021-09-09 20:52:16,1.34e-05,0.293,-4.0,186.0,338.0,0.191
2021-09-09 20:53:17,1.34e-05,0.293,-4.0,186.0,338.0,0.191
2021-09-09 20:54:17,1.34e-05,0.293,-4.0,186.0,338.0,0.192
2021-09-09 20:55:18,1.34e-05,0.293,-4.0,187.0,338.0,0.192
2021-09-09 20:56:19,1.34e-05,0.293,-4.0,186.0,338.0,0.193
2021-09-09 20:57:19,1.34e-05,0.292,-4.0,186.0,337.0,0.193
2021-09-09 20:58:20,1.34e-05,0.292,-4.0,186.0,337.0,0.193
2021-09-09 20:59:21,1.34e-05,0.293,-4.0,186.0,337.0,0.19399999999999998
2021-09-09 21:00:21,1.34e-05,0.293,-4.0,186.0,337.0,0.195
2021-09-09 21:01:22,1.34e-05,0.292,-4.0,186.0,337.0,0.195
2021-09-09 21:02:23,1.34e-05,0.292,-4.0,186.0,337.0,0.196
2021-09-09 21:03:23,1.34e-05,0.293,-4.0,186.0,337.0,0.19699999999999998
2021-09-09 21:04:24,1.34e-05,0.292,-4.0,186.0,336.0,0.19699999999999998
2021-09-09 21:05:25,1.34e-05,0.293,-4.0,186.0,336.0,0.19699999999999998
2021-09-09 21:06:26,1.34e-05,0.292,-4.0,186.0,337.0,0.19699999999999998
2021-09-09 21:07:26,1.34e-05,0.292,-4.0,186.0,336.0,0.198
2021-09-09 21:08:27,1.34e-05,0.293,-4.0,186.0,336.0,0.198
2021-09-09 21:09:28,1.34e-05,0.293,-4.0,186.0,336.0,0.19899999999999998
2021-09-09 21:10:28,1.34e-05,0.292,-4.0,186.0,336.0,0.19899999999999998
2021-09-09 21:11:29,1.34e-05,0.293,-4.0,187.0,336.0,0.2
2021-09-09 21:12:30,1.34e-05,0.293,-4.0,187.0,336.0,0.2
2021-09-09 21:13:31,1.34e-05,0.292,-4.0,186.0,336.0,0.201
2021-09-09 21:14:31,1.34e-05,0.293,-4.0,187.0,336.0,0.201
2021-09-09 21:15:32,1.34e-05,0.293,-4.0,186.0,335.0,0.20199999999999999
2021-09-09 21:16:33,1.34e-05,0.293,-4.0,186.0,335.0,0.20199999999999999
2021-09-09 21:17:34,1.34e-05,0.293,-4.0,187.0,335.0,0.203
2021-09-09 21:18:34,1.34e-05,0.293,-4.0,186.0,335.0,0.203
2021-09-09 21:19:35,1.34e-05,0.293,-4.0,187.0,334.0,0.204
2021-09-09 21:20:36,1.34e-05,0.293,-4.0,187.0,334.0,0.204
2021-09-09 21:21:36,1.3300000000000001e-05,0.293,-4.0,187.0,334.0,0.205
2021-09-09 21:22:37,1.3300000000000001e-05,0.293,-4.0,187.0,334.0,0.205
2021-09-09 21:23:38,1.34e-05,0.293,-4.0,187.0,334.0,0.205
2021-09-09 21:24:38,1.3300000000000001e-05,0.293,-4.0,186.0,334.0,0.20600000000000002
